Rule category,Rule name,Item,Name,Size (B)
Edge Chromium,Internet Cache,File,C:\Users\pc\AppData\Local\Microsoft\Edge\User Data\Default\Cache\Cache_Data\data_0,45056
Edge Chromium,Internet Cache,File,C:\Users\pc\AppData\Local\Microsoft\Edge\User Data\Default\Cache\Cache_Data\data_1,532480
Edge Chromium,Internet Cache,File,C:\Users\pc\AppData\Local\Microsoft\Edge\User Data\Default\Cache\Cache_Data\data_2,2105344
Edge Chromium,Internet Cache,File,C:\Users\pc\AppData\Local\Microsoft\Edge\User Data\Default\Cache\Cache_Data\data_3,8396800
Edge Chromium,Internet Cache,File,C:\Users\pc\AppData\Local\Microsoft\Edge\User Data\Default\Cache\Cache_Data\f_000001,34867
Edge Chromium,Internet Cache,File,C:\Users\pc\AppData\Local\Microsoft\Edge\User Data\Default\Cache\Cache_Data\f_000002,103144
Edge Chromium,Internet Cache,File,C:\Users\pc\AppData\Local\Microsoft\Edge\User Data\Default\Cache\Cache_Data\f_000004,389887
Edge Chromium,Internet Cache,File,C:\Users\pc\AppData\Local\Microsoft\Edge\User Data\Default\Cache\Cache_Data\f_000005,63299
Edge Chromium,Internet Cache,File,C:\Users\pc\AppData\Local\Microsoft\Edge\User Data\Default\Cache\Cache_Data\f_000006,173164
Edge Chromium,Internet Cache,File,C:\Users\pc\AppData\Local\Microsoft\Edge\User Data\Default\Cache\Cache_Data\f_000007,85228
Edge Chromium,Internet Cache,File,C:\Users\pc\AppData\Local\Microsoft\Edge\User Data\Default\Cache\Cache_Data\f_000008,74476
Edge Chromium,Internet Cache,File,C:\Users\pc\AppData\Local\Microsoft\Edge\User Data\Default\Cache\Cache_Data\f_000009,65536
Edge Chromium,Internet Cache,File,C:\Users\pc\AppData\Local\Microsoft\Edge\User Data\Default\Cache\Cache_Data\f_00000a,100357
Edge Chromium,Internet Cache,File,C:\Users\pc\AppData\Local\Microsoft\Edge\User Data\Default\Cache\Cache_Data\f_00000b,27293
Edge Chromium,Internet Cache,File,C:\Users\pc\AppData\Local\Microsoft\Edge\User Data\Default\Cache\Cache_Data\f_00000c,73519
Edge Chromium,Internet Cache,File,C:\Users\pc\AppData\Local\Microsoft\Edge\User Data\Default\Cache\Cache_Data\f_00000d,262144
Edge Chromium,Internet Cache,File,C:\Users\pc\AppData\Local\Microsoft\Edge\User Data\Default\Cache\Cache_Data\f_00000f,131072
Edge Chromium,Internet Cache,File,C:\Users\pc\AppData\Local\Microsoft\Edge\User Data\Default\Cache\Cache_Data\f_000010,65536
Edge Chromium,Internet Cache,File,C:\Users\pc\AppData\Local\Microsoft\Edge\User Data\Default\Cache\Cache_Data\f_000011,37646
Edge Chromium,Internet Cache,File,C:\Users\pc\AppData\Local\Microsoft\Edge\User Data\Default\Cache\Cache_Data\f_000012,17741
Edge Chromium,Internet Cache,File,C:\Users\pc\AppData\Local\Microsoft\Edge\User Data\Default\Cache\Cache_Data\f_000013,80442
Edge Chromium,Internet Cache,File,C:\Users\pc\AppData\Local\Microsoft\Edge\User Data\Default\Cache\Cache_Data\f_000014,69385
Edge Chromium,Internet Cache,File,C:\Users\pc\AppData\Local\Microsoft\Edge\User Data\Default\Cache\Cache_Data\f_000015,59999
Edge Chromium,Internet Cache,File,C:\Users\pc\AppData\Local\Microsoft\Edge\User Data\Default\Cache\Cache_Data\f_000016,16598
Edge Chromium,Internet Cache,File,C:\Users\pc\AppData\Local\Microsoft\Edge\User Data\Default\Cache\Cache_Data\f_000017,34139
Edge Chromium,Internet Cache,File,C:\Users\pc\AppData\Local\Microsoft\Edge\User Data\Default\Cache\Cache_Data\f_000018,72639
Edge Chromium,Internet Cache,File,C:\Users\pc\AppData\Local\Microsoft\Edge\User Data\Default\Cache\Cache_Data\f_000019,16517
Edge Chromium,Internet Cache,File,C:\Users\pc\AppData\Local\Microsoft\Edge\User Data\Default\Cache\Cache_Data\f_00001a,27803
Edge Chromium,Internet Cache,File,C:\Users\pc\AppData\Local\Microsoft\Edge\User Data\Default\Cache\Cache_Data\f_00001b,17446
Edge Chromium,Internet Cache,File,C:\Users\pc\AppData\Local\Microsoft\Edge\User Data\Default\Cache\Cache_Data\f_00001c,109843
Edge Chromium,Internet Cache,File,C:\Users\pc\AppData\Local\Microsoft\Edge\User Data\Default\Cache\Cache_Data\f_00001d,16502
Edge Chromium,Internet Cache,File,C:\Users\pc\AppData\Local\Microsoft\Edge\User Data\Default\Cache\Cache_Data\f_00001e,19246
Edge Chromium,Internet Cache,File,C:\Users\pc\AppData\Local\Microsoft\Edge\User Data\Default\Cache\Cache_Data\f_00001f,39410
Edge Chromium,Internet Cache,File,C:\Users\pc\AppData\Local\Microsoft\Edge\User Data\Default\Cache\Cache_Data\f_000020,18037
Edge Chromium,Internet Cache,File,C:\Users\pc\AppData\Local\Microsoft\Edge\User Data\Default\Cache\Cache_Data\f_000021,17202
Edge Chromium,Internet Cache,File,C:\Users\pc\AppData\Local\Microsoft\Edge\User Data\Default\Cache\Cache_Data\f_000022,20666
Edge Chromium,Internet Cache,File,C:\Users\pc\AppData\Local\Microsoft\Edge\User Data\Default\Cache\Cache_Data\f_000023,41905
Edge Chromium,Internet Cache,File,C:\Users\pc\AppData\Local\Microsoft\Edge\User Data\Default\Cache\Cache_Data\f_000024,32768
Edge Chromium,Internet Cache,File,C:\Users\pc\AppData\Local\Microsoft\Edge\User Data\Default\Cache\Cache_Data\f_000025,65536
Edge Chromium,Internet Cache,File,C:\Users\pc\AppData\Local\Microsoft\Edge\User Data\Default\Cache\Cache_Data\f_000026,35470
Edge Chromium,Internet Cache,File,C:\Users\pc\AppData\Local\Microsoft\Edge\User Data\Default\Cache\Cache_Data\f_000027,65536
Edge Chromium,Internet Cache,File,C:\Users\pc\AppData\Local\Microsoft\Edge\User Data\Default\Cache\Cache_Data\f_000028,28268
Edge Chromium,Internet Cache,File,C:\Users\pc\AppData\Local\Microsoft\Edge\User Data\Default\Cache\Cache_Data\f_000029,26885
Edge Chromium,Internet Cache,File,C:\Users\pc\AppData\Local\Microsoft\Edge\User Data\Default\Cache\Cache_Data\f_00002a,61063
Edge Chromium,Internet Cache,File,C:\Users\pc\AppData\Local\Microsoft\Edge\User Data\Default\Cache\Cache_Data\f_00002b,32768
Edge Chromium,Internet Cache,File,C:\Users\pc\AppData\Local\Microsoft\Edge\User Data\Default\Cache\Cache_Data\f_00002c,19636
Edge Chromium,Internet Cache,File,C:\Users\pc\AppData\Local\Microsoft\Edge\User Data\Default\Cache\Cache_Data\f_00002d,36021
Edge Chromium,Internet Cache,File,C:\Users\pc\AppData\Local\Microsoft\Edge\User Data\Default\Cache\Cache_Data\f_00002e,31580
Edge Chromium,Internet Cache,File,C:\Users\pc\AppData\Local\Microsoft\Edge\User Data\Default\Cache\Cache_Data\f_00002f,18743
Edge Chromium,Internet Cache,File,C:\Users\pc\AppData\Local\Microsoft\Edge\User Data\Default\Cache\Cache_Data\f_000030,20906
Edge Chromium,Internet Cache,File,C:\Users\pc\AppData\Local\Microsoft\Edge\User Data\Default\Cache\Cache_Data\f_000031,58008
Edge Chromium,Internet Cache,File,C:\Users\pc\AppData\Local\Microsoft\Edge\User Data\Default\Cache\Cache_Data\f_000032,43413
Edge Chromium,Internet Cache,File,C:\Users\pc\AppData\Local\Microsoft\Edge\User Data\Default\Cache\Cache_Data\f_000033,23223
Edge Chromium,Internet Cache,File,C:\Users\pc\AppData\Local\Microsoft\Edge\User Data\Default\Cache\Cache_Data\f_000034,30907
Edge Chromium,Internet Cache,File,C:\Users\pc\AppData\Local\Microsoft\Edge\User Data\Default\Cache\Cache_Data\f_000036,111823
Edge Chromium,Internet Cache,File,C:\Users\pc\AppData\Local\Microsoft\Edge\User Data\Default\Cache\Cache_Data\f_000037,26298
Edge Chromium,Internet Cache,File,C:\Users\pc\AppData\Local\Microsoft\Edge\User Data\Default\Cache\Cache_Data\f_000038,66130
Edge Chromium,Internet Cache,File,C:\Users\pc\AppData\Local\Microsoft\Edge\User Data\Default\Cache\Cache_Data\f_000039,107314
Edge Chromium,Internet Cache,File,C:\Users\pc\AppData\Local\Microsoft\Edge\User Data\Default\Cache\Cache_Data\f_00003a,31545
Edge Chromium,Internet Cache,File,C:\Users\pc\AppData\Local\Microsoft\Edge\User Data\Default\Cache\Cache_Data\f_00003b,431717
Edge Chromium,Internet Cache,File,C:\Users\pc\AppData\Local\Microsoft\Edge\User Data\Default\Cache\Cache_Data\f_00003c,101102
Edge Chromium,Internet Cache,File,C:\Users\pc\AppData\Local\Microsoft\Edge\User Data\Default\Cache\Cache_Data\f_00003d,389660
Edge Chromium,Internet Cache,File,C:\Users\pc\AppData\Local\Microsoft\Edge\User Data\Default\Cache\Cache_Data\f_00003e,63196
Edge Chromium,Internet Cache,File,C:\Users\pc\AppData\Local\Microsoft\Edge\User Data\Default\Cache\Cache_Data\f_000040,98001
Edge Chromium,Internet Cache,File,C:\Users\pc\AppData\Local\Microsoft\Edge\User Data\Default\Cache\Cache_Data\f_000041,17463
Edge Chromium,Internet Cache,File,C:\Users\pc\AppData\Local\Microsoft\Edge\User Data\Default\Cache\Cache_Data\f_000042,36975
Edge Chromium,Internet Cache,File,C:\Users\pc\AppData\Local\Microsoft\Edge\User Data\Default\Cache\Cache_Data\f_000044,17209
Edge Chromium,Internet Cache,File,C:\Users\pc\AppData\Local\Microsoft\Edge\User Data\Default\Cache\Cache_Data\f_000046,34310
Edge Chromium,Internet Cache,File,C:\Users\pc\AppData\Local\Microsoft\Edge\User Data\Default\Cache\Cache_Data\f_000047,16573
Edge Chromium,Internet Cache,File,C:\Users\pc\AppData\Local\Microsoft\Edge\User Data\Default\Cache\Cache_Data\f_000048,34573
Edge Chromium,Internet Cache,File,C:\Users\pc\AppData\Local\Microsoft\Edge\User Data\Default\Cache\Cache_Data\f_00004b,17965
Edge Chromium,Internet Cache,File,C:\Users\pc\AppData\Local\Microsoft\Edge\User Data\Default\Cache\Cache_Data\f_00004c,24719
Edge Chromium,Internet Cache,File,C:\Users\pc\AppData\Local\Microsoft\Edge\User Data\Default\Cache\Cache_Data\f_00004e,104514
Edge Chromium,Internet Cache,File,C:\Users\pc\AppData\Local\Microsoft\Edge\User Data\Default\Cache\Cache_Data\f_00004f,79834
Edge Chromium,Internet Cache,File,C:\Users\pc\AppData\Local\Microsoft\Edge\User Data\Default\Cache\Cache_Data\f_000050,37380
Edge Chromium,Internet Cache,File,C:\Users\pc\AppData\Local\Microsoft\Edge\User Data\Default\Cache\Cache_Data\f_000054,123698
Edge Chromium,Internet Cache,File,C:\Users\pc\AppData\Local\Microsoft\Edge\User Data\Default\Cache\Cache_Data\f_000055,66082
Edge Chromium,Internet Cache,File,C:\Users\pc\AppData\Local\Microsoft\Edge\User Data\Default\Cache\Cache_Data\f_000056,79936
Edge Chromium,Internet Cache,File,C:\Users\pc\AppData\Local\Microsoft\Edge\User Data\Default\Cache\Cache_Data\f_000057,35080
Edge Chromium,Internet Cache,File,C:\Users\pc\AppData\Local\Microsoft\Edge\User Data\Default\Cache\Cache_Data\f_000058,58000
Edge Chromium,Internet Cache,File,C:\Users\pc\AppData\Local\Microsoft\Edge\User Data\Default\Cache\Cache_Data\f_000059,48250
Edge Chromium,Internet Cache,File,C:\Users\pc\AppData\Local\Microsoft\Edge\User Data\Default\Cache\Cache_Data\f_00005b,17163
Edge Chromium,Internet Cache,File,C:\Users\pc\AppData\Local\Microsoft\Edge\User Data\Default\Cache\Cache_Data\f_00005c,39058
Edge Chromium,Internet Cache,File,C:\Users\pc\AppData\Local\Microsoft\Edge\User Data\Default\Cache\Cache_Data\f_00005d,100998
Edge Chromium,Internet Cache,File,C:\Users\pc\AppData\Local\Microsoft\Edge\User Data\Default\Cache\Cache_Data\f_00005e,431694
Edge Chromium,Internet Cache,File,C:\Users\pc\AppData\Local\Microsoft\Edge\User Data\Default\Cache\Cache_Data\f_00005f,66082
Edge Chromium,Internet Cache,File,C:\Users\pc\AppData\Local\Microsoft\Edge\User Data\Default\Cache\Cache_Data\f_000060,84885
Edge Chromium,Internet Cache,File,C:\Users\pc\AppData\Local\Microsoft\Edge\User Data\Default\Cache\Cache_Data\f_000061,80205
Edge Chromium,Internet Cache,File,C:\Users\pc\AppData\Local\Microsoft\Edge\User Data\Default\Cache\Cache_Data\f_000062,39398
Edge Chromium,Internet Cache,File,C:\Users\pc\AppData\Local\Microsoft\Edge\User Data\Default\Cache\Cache_Data\f_000063,56718
Edge Chromium,Internet Cache,File,C:\Users\pc\AppData\Local\Microsoft\Edge\User Data\Default\Cache\Cache_Data\f_000064,18372
Edge Chromium,Internet Cache,File,C:\Users\pc\AppData\Local\Microsoft\Edge\User Data\Default\Cache\Cache_Data\f_000065,20166
Edge Chromium,Internet Cache,File,C:\Users\pc\AppData\Local\Microsoft\Edge\User Data\Default\Cache\Cache_Data\f_000069,66082
Edge Chromium,Internet Cache,File,C:\Users\pc\AppData\Local\Microsoft\Edge\User Data\Default\Cache\Cache_Data\f_00006a,32549
Edge Chromium,Internet Cache,File,C:\Users\pc\AppData\Local\Microsoft\Edge\User Data\Default\Cache\Cache_Data\f_00006b,87204
Edge Chromium,Internet Cache,File,C:\Users\pc\AppData\Local\Microsoft\Edge\User Data\Default\Cache\Cache_Data\f_00006c,17988
Edge Chromium,Internet Cache,File,C:\Users\pc\AppData\Local\Microsoft\Edge\User Data\Default\Cache\Cache_Data\f_00006d,63829
Edge Chromium,Internet Cache,File,C:\Users\pc\AppData\Local\Microsoft\Edge\User Data\Default\Cache\Cache_Data\f_00006e,33355
Edge Chromium,Internet Cache,File,C:\Users\pc\AppData\Local\Microsoft\Edge\User Data\Default\Cache\Cache_Data\f_00006f,16909
Edge Chromium,Internet Cache,File,C:\Users\pc\AppData\Local\Microsoft\Edge\User Data\Default\Cache\Cache_Data\f_000070,16946
Edge Chromium,Internet Cache,File,C:\Users\pc\AppData\Local\Microsoft\Edge\User Data\Default\Cache\Cache_Data\f_000071,27849
Edge Chromium,Internet Cache,File,C:\Users\pc\AppData\Local\Microsoft\Edge\User Data\Default\Cache\Cache_Data\f_000072,18671
Edge Chromium,Internet Cache,File,C:\Users\pc\AppData\Local\Microsoft\Edge\User Data\Default\Cache\Cache_Data\f_000073,21008
Edge Chromium,Internet Cache,File,C:\Users\pc\AppData\Local\Microsoft\Edge\User Data\Default\Cache\Cache_Data\f_000074,106310
Edge Chromium,Internet Cache,File,C:\Users\pc\AppData\Local\Microsoft\Edge\User Data\Default\Cache\Cache_Data\f_000075,46454
Edge Chromium,Internet Cache,File,C:\Users\pc\AppData\Local\Microsoft\Edge\User Data\Default\Cache\Cache_Data\f_000076,42909
Edge Chromium,Internet Cache,File,C:\Users\pc\AppData\Local\Microsoft\Edge\User Data\Default\Cache\Cache_Data\f_000077,39092
Edge Chromium,Internet Cache,File,C:\Users\pc\AppData\Local\Microsoft\Edge\User Data\Default\Cache\Cache_Data\f_000078,61040
Edge Chromium,Internet Cache,File,C:\Users\pc\AppData\Local\Microsoft\Edge\User Data\Default\Cache\Cache_Data\f_000079,68384
Edge Chromium,Internet Cache,File,C:\Users\pc\AppData\Local\Microsoft\Edge\User Data\Default\Cache\Cache_Data\f_00007b,66082
Edge Chromium,Internet Cache,File,C:\Users\pc\AppData\Local\Microsoft\Edge\User Data\Default\Cache\Cache_Data\f_00007c,78590
Edge Chromium,Internet Cache,File,C:\Users\pc\AppData\Local\Microsoft\Edge\User Data\Default\Cache\Cache_Data\f_00007d,50483
Edge Chromium,Internet Cache,File,C:\Users\pc\AppData\Local\Microsoft\Edge\User Data\Default\Cache\Cache_Data\f_00007e,64473
Edge Chromium,Internet Cache,File,C:\Users\pc\AppData\Local\Microsoft\Edge\User Data\Default\Cache\Cache_Data\f_00007f,60518
Edge Chromium,Internet Cache,File,C:\Users\pc\AppData\Local\Microsoft\Edge\User Data\Default\Cache\Cache_Data\f_000080,23581
Edge Chromium,Internet Cache,File,C:\Users\pc\AppData\Local\Microsoft\Edge\User Data\Default\Cache\Cache_Data\f_000081,23506
Edge Chromium,Internet Cache,File,C:\Users\pc\AppData\Local\Microsoft\Edge\User Data\Default\Cache\Cache_Data\f_000082,48774
Edge Chromium,Internet Cache,File,C:\Users\pc\AppData\Local\Microsoft\Edge\User Data\Default\Cache\Cache_Data\f_000083,79579
Edge Chromium,Internet Cache,File,C:\Users\pc\AppData\Local\Microsoft\Edge\User Data\Default\Cache\Cache_Data\f_000085,35450
Edge Chromium,Internet Cache,File,C:\Users\pc\AppData\Local\Microsoft\Edge\User Data\Default\Cache\Cache_Data\f_000086,38398
Edge Chromium,Internet Cache,File,C:\Users\pc\AppData\Local\Microsoft\Edge\User Data\Default\Cache\Cache_Data\f_000087,49552
Edge Chromium,Internet Cache,File,C:\Users\pc\AppData\Local\Microsoft\Edge\User Data\Default\Cache\Cache_Data\f_000088,432005
Edge Chromium,Internet Cache,File,C:\Users\pc\AppData\Local\Microsoft\Edge\User Data\Default\Cache\Cache_Data\f_000089,23701
Edge Chromium,Internet Cache,File,C:\Users\pc\AppData\Local\Microsoft\Edge\User Data\Default\Cache\Cache_Data\f_00008a,72074
Edge Chromium,Internet Cache,File,C:\Users\pc\AppData\Local\Microsoft\Edge\User Data\Default\Cache\Cache_Data\f_00008b,102570
Edge Chromium,Internet Cache,File,C:\Users\pc\AppData\Local\Microsoft\Edge\User Data\Default\Cache\Cache_Data\f_00008c,66275
Edge Chromium,Internet Cache,File,C:\Users\pc\AppData\Local\Microsoft\Edge\User Data\Default\Cache\Cache_Data\f_00008d,79693
Edge Chromium,Internet Cache,File,C:\Users\pc\AppData\Local\Microsoft\Edge\User Data\Default\Cache\Cache_Data\f_00008e,38237
Edge Chromium,Internet Cache,File,C:\Users\pc\AppData\Local\Microsoft\Edge\User Data\Default\Cache\Cache_Data\f_00008f,53144
Edge Chromium,Internet Cache,File,C:\Users\pc\AppData\Local\Microsoft\Edge\User Data\Default\Cache\Cache_Data\f_000090,79109
Edge Chromium,Internet Cache,File,C:\Users\pc\AppData\Local\Microsoft\Edge\User Data\Default\Cache\Cache_Data\f_000091,58430
Edge Chromium,Internet Cache,File,C:\Users\pc\AppData\Local\Microsoft\Edge\User Data\Default\Cache\Cache_Data\f_000092,28406
Edge Chromium,Internet Cache,File,C:\Users\pc\AppData\Local\Microsoft\Edge\User Data\Default\Cache\Cache_Data\f_000093,80889
Edge Chromium,Internet Cache,File,C:\Users\pc\AppData\Local\Microsoft\Edge\User Data\Default\Cache\Cache_Data\f_000094,16457
Edge Chromium,Internet Cache,File,C:\Users\pc\AppData\Local\Microsoft\Edge\User Data\Default\Cache\Cache_Data\f_000095,21609
Edge Chromium,Internet Cache,File,C:\Users\pc\AppData\Local\Microsoft\Edge\User Data\Default\Cache\Cache_Data\f_000096,138034
Edge Chromium,Internet Cache,File,C:\Users\pc\AppData\Local\Microsoft\Edge\User Data\Default\Cache\Cache_Data\f_000097,18158
Edge Chromium,Internet Cache,File,C:\Users\pc\AppData\Local\Microsoft\Edge\User Data\Default\Cache\Cache_Data\f_000098,78426
Edge Chromium,Internet Cache,File,C:\Users\pc\AppData\Local\Microsoft\Edge\User Data\Default\Cache\Cache_Data\f_000099,44527
Edge Chromium,Internet Cache,File,C:\Users\pc\AppData\Local\Microsoft\Edge\User Data\Default\Cache\Cache_Data\f_00009a,39542
Edge Chromium,Internet Cache,File,C:\Users\pc\AppData\Local\Microsoft\Edge\User Data\Default\Cache\Cache_Data\f_00009b,18384
Edge Chromium,Internet Cache,File,C:\Users\pc\AppData\Local\Microsoft\Edge\User Data\Default\Cache\Cache_Data\f_00009c,19479
Edge Chromium,Internet Cache,File,C:\Users\pc\AppData\Local\Microsoft\Edge\User Data\Default\Cache\Cache_Data\f_00009d,78352
Edge Chromium,Internet Cache,File,C:\Users\pc\AppData\Local\Microsoft\Edge\User Data\Default\Cache\Cache_Data\f_00009e,80595
Edge Chromium,Internet Cache,File,C:\Users\pc\AppData\Local\Microsoft\Edge\User Data\Default\Cache\Cache_Data\f_00009f,19003
Edge Chromium,Internet Cache,File,C:\Users\pc\AppData\Local\Microsoft\Edge\User Data\Default\Cache\Cache_Data\f_0000a0,81065
Edge Chromium,Internet Cache,File,C:\Users\pc\AppData\Local\Microsoft\Edge\User Data\Default\Cache\Cache_Data\f_0000a1,66208
Edge Chromium,Internet Cache,File,C:\Users\pc\AppData\Local\Microsoft\Edge\User Data\Default\Cache\Cache_Data\f_0000a2,18424
Edge Chromium,Internet Cache,File,C:\Users\pc\AppData\Local\Microsoft\Edge\User Data\Default\Cache\Cache_Data\f_0000a3,18142
Edge Chromium,Internet Cache,File,C:\Users\pc\AppData\Local\Microsoft\Edge\User Data\Default\Cache\Cache_Data\f_0000a4,81670
Edge Chromium,Internet Cache,File,C:\Users\pc\AppData\Local\Microsoft\Edge\User Data\Default\Cache\Cache_Data\f_0000a5,80283
Edge Chromium,Internet Cache,File,C:\Users\pc\AppData\Local\Microsoft\Edge\User Data\Default\Cache\Cache_Data\f_0000a6,80924
Edge Chromium,Internet Cache,File,C:\Users\pc\AppData\Local\Microsoft\Edge\User Data\Default\Cache\Cache_Data\f_0000a7,81248
Edge Chromium,Internet Cache,File,C:\Users\pc\AppData\Local\Microsoft\Edge\User Data\Default\Cache\Cache_Data\f_0000a8,49719
Edge Chromium,Internet Cache,File,C:\Users\pc\AppData\Local\Microsoft\Edge\User Data\Default\Cache\Cache_Data\f_0000a9,46437
Edge Chromium,Internet Cache,File,C:\Users\pc\AppData\Local\Microsoft\Edge\User Data\Default\Cache\Cache_Data\f_0000aa,20584
Edge Chromium,Internet Cache,File,C:\Users\pc\AppData\Local\Microsoft\Edge\User Data\Default\Cache\Cache_Data\f_0000ab,80549
Edge Chromium,Internet Cache,File,C:\Users\pc\AppData\Local\Microsoft\Edge\User Data\Default\Cache\Cache_Data\f_0000ac,16720
Edge Chromium,Internet Cache,File,C:\Users\pc\AppData\Local\Microsoft\Edge\User Data\Default\Cache\Cache_Data\f_0000ad,92449
Edge Chromium,Internet Cache,File,C:\Users\pc\AppData\Local\Microsoft\Edge\User Data\Default\Cache\Cache_Data\f_0000ae,81675
Edge Chromium,Internet Cache,File,C:\Users\pc\AppData\Local\Microsoft\Edge\User Data\Default\Cache\Cache_Data\f_0000af,86230
Edge Chromium,Internet Cache,File,C:\Users\pc\AppData\Local\Microsoft\Edge\User Data\Default\Cache\Cache_Data\f_0000b0,31964
Edge Chromium,Internet Cache,File,C:\Users\pc\AppData\Local\Microsoft\Edge\User Data\Default\Cache\Cache_Data\f_0000b1,58089
Edge Chromium,Internet Cache,File,C:\Users\pc\AppData\Local\Microsoft\Edge\User Data\Default\Cache\Cache_Data\f_0000b2,28263
Edge Chromium,Internet Cache,File,C:\Users\pc\AppData\Local\Microsoft\Edge\User Data\Default\Cache\Cache_Data\f_0000b3,96395
Edge Chromium,Internet Cache,File,C:\Users\pc\AppData\Local\Microsoft\Edge\User Data\Default\Cache\Cache_Data\f_0000b4,86729
Edge Chromium,Internet Cache,File,C:\Users\pc\AppData\Local\Microsoft\Edge\User Data\Default\Cache\Cache_Data\f_0000b5,65356
Edge Chromium,Internet Cache,File,C:\Users\pc\AppData\Local\Microsoft\Edge\User Data\Default\Cache\Cache_Data\f_0000b6,85428
Edge Chromium,Internet Cache,File,C:\Users\pc\AppData\Local\Microsoft\Edge\User Data\Default\Cache\Cache_Data\f_0000b7,16855
Edge Chromium,Internet Cache,File,C:\Users\pc\AppData\Local\Microsoft\Edge\User Data\Default\Cache\Cache_Data\f_0000b8,87876
Edge Chromium,Internet Cache,File,C:\Users\pc\AppData\Local\Microsoft\Edge\User Data\Default\Cache\Cache_Data\f_0000b9,86964
Edge Chromium,Internet Cache,File,C:\Users\pc\AppData\Local\Microsoft\Edge\User Data\Default\Cache\Cache_Data\f_0000ba,78394
Edge Chromium,Internet Cache,File,C:\Users\pc\AppData\Local\Microsoft\Edge\User Data\Default\Cache\Cache_Data\f_0000bb,83571
Edge Chromium,Internet Cache,File,C:\Users\pc\AppData\Local\Microsoft\Edge\User Data\Default\Cache\Cache_Data\f_0000bc,42812
Edge Chromium,Internet Cache,File,C:\Users\pc\AppData\Local\Microsoft\Edge\User Data\Default\Cache\Cache_Data\f_0000bd,23756
Edge Chromium,Internet Cache,File,C:\Users\pc\AppData\Local\Microsoft\Edge\User Data\Default\Cache\Cache_Data\f_0000be,43425
Edge Chromium,Internet Cache,File,C:\Users\pc\AppData\Local\Microsoft\Edge\User Data\Default\Cache\Cache_Data\f_0000bf,51046
Edge Chromium,Internet Cache,File,C:\Users\pc\AppData\Local\Microsoft\Edge\User Data\Default\Cache\Cache_Data\f_0000c0,90095
Edge Chromium,Internet Cache,File,C:\Users\pc\AppData\Local\Microsoft\Edge\User Data\Default\Cache\Cache_Data\f_0000c1,31192
Edge Chromium,Internet Cache,File,C:\Users\pc\AppData\Local\Microsoft\Edge\User Data\Default\Cache\Cache_Data\f_0000c2,52358
Edge Chromium,Internet Cache,File,C:\Users\pc\AppData\Local\Microsoft\Edge\User Data\Default\Cache\Cache_Data\f_0000c3,20380
Edge Chromium,Internet Cache,File,C:\Users\pc\AppData\Local\Microsoft\Edge\User Data\Default\Cache\Cache_Data\f_0000c4,66266
Edge Chromium,Internet Cache,File,C:\Users\pc\AppData\Local\Microsoft\Edge\User Data\Default\Cache\Cache_Data\f_0000c5,432017
Edge Chromium,Internet Cache,File,C:\Users\pc\AppData\Local\Microsoft\Edge\User Data\Default\Cache\Cache_Data\f_0000c6,102746
Edge Chromium,Internet Cache,File,C:\Users\pc\AppData\Local\Microsoft\Edge\User Data\Default\Cache\Cache_Data\f_0000c7,34971
Edge Chromium,Internet Cache,File,C:\Users\pc\AppData\Local\Microsoft\Edge\User Data\Default\Cache\Cache_Data\f_0000c8,103662
Edge Chromium,Internet Cache,File,C:\Users\pc\AppData\Local\Microsoft\Edge\User Data\Default\Cache\Cache_Data\f_0000c9,121824
Edge Chromium,Internet Cache,File,C:\Users\pc\AppData\Local\Microsoft\Edge\User Data\Default\Cache\Cache_Data\f_0000ca,279220
Edge Chromium,Internet Cache,File,C:\Users\pc\AppData\Local\Microsoft\Edge\User Data\Default\Cache\Cache_Data\f_0000cb,96640
Edge Chromium,Internet Cache,File,C:\Users\pc\AppData\Local\Microsoft\Edge\User Data\Default\Cache\Cache_Data\f_0000cc,124215
Edge Chromium,Internet Cache,File,C:\Users\pc\AppData\Local\Microsoft\Edge\User Data\Default\Cache\Cache_Data\f_0000cd,129152
Edge Chromium,Internet Cache,File,C:\Users\pc\AppData\Local\Microsoft\Edge\User Data\Default\Cache\Cache_Data\f_0000ce,20270
Edge Chromium,Internet Cache,File,C:\Users\pc\AppData\Local\Microsoft\Edge\User Data\Default\Cache\Cache_Data\f_0000cf,134653
Edge Chromium,Internet Cache,File,C:\Users\pc\AppData\Local\Microsoft\Edge\User Data\Default\Cache\Cache_Data\f_0000d0,672047
Edge Chromium,Internet Cache,File,C:\Users\pc\AppData\Local\Microsoft\Edge\User Data\Default\Cache\Cache_Data\f_0000d1,62419
Edge Chromium,Internet Cache,File,C:\Users\pc\AppData\Local\Microsoft\Edge\User Data\Default\Cache\Cache_Data\f_0000d2,174662
Edge Chromium,Internet Cache,File,C:\Users\pc\AppData\Local\Microsoft\Edge\User Data\Default\Cache\Cache_Data\f_0000d3,60711
Edge Chromium,Internet Cache,File,C:\Users\pc\AppData\Local\Microsoft\Edge\User Data\Default\Cache\Cache_Data\f_0000d4,180206
Edge Chromium,Internet Cache,File,C:\Users\pc\AppData\Local\Microsoft\Edge\User Data\Default\Cache\Cache_Data\f_0000d5,487345
Edge Chromium,Internet Cache,File,C:\Users\pc\AppData\Local\Microsoft\Edge\User Data\Default\Cache\Cache_Data\f_0000d6,146978
Edge Chromium,Internet Cache,File,C:\Users\pc\AppData\Local\Microsoft\Edge\User Data\Default\Cache\Cache_Data\f_0000d7,668874
Edge Chromium,Internet Cache,File,C:\Users\pc\AppData\Local\Microsoft\Edge\User Data\Default\Cache\Cache_Data\f_0000d8,442777
Edge Chromium,Internet Cache,File,C:\Users\pc\AppData\Local\Microsoft\Edge\User Data\Default\Cache\Cache_Data\f_0000d9,55256
Edge Chromium,Internet Cache,File,C:\Users\pc\AppData\Local\Microsoft\Edge\User Data\Default\Cache\Cache_Data\f_0000da,85959
Edge Chromium,Internet Cache,File,C:\Users\pc\AppData\Local\Microsoft\Edge\User Data\Default\Cache\Cache_Data\f_0000db,370034
Edge Chromium,Internet Cache,File,C:\Users\pc\AppData\Local\Microsoft\Edge\User Data\Default\Cache\Cache_Data\f_0000dc,22346
Edge Chromium,Internet Cache,File,C:\Users\pc\AppData\Local\Microsoft\Edge\User Data\Default\Cache\Cache_Data\f_0000dd,39383
Edge Chromium,Internet Cache,File,C:\Users\pc\AppData\Local\Microsoft\Edge\User Data\Default\Cache\Cache_Data\f_0000de,19924
Edge Chromium,Internet Cache,File,C:\Users\pc\AppData\Local\Microsoft\Edge\User Data\Default\Cache\Cache_Data\f_0000df,71562
Edge Chromium,Internet Cache,File,C:\Users\pc\AppData\Local\Microsoft\Edge\User Data\Default\Cache\Cache_Data\f_0000e0,488280
Edge Chromium,Internet Cache,File,C:\Users\pc\AppData\Local\Microsoft\Edge\User Data\Default\Cache\Cache_Data\f_0000e1,79366
Edge Chromium,Internet Cache,File,C:\Users\pc\AppData\Local\Microsoft\Edge\User Data\Default\Cache\Cache_Data\f_0000e2,48032
Edge Chromium,Internet Cache,File,C:\Users\pc\AppData\Local\Microsoft\Edge\User Data\Default\Cache\Cache_Data\f_0000e3,92588
Edge Chromium,Internet Cache,File,C:\Users\pc\AppData\Local\Microsoft\Edge\User Data\Default\Cache\Cache_Data\f_0000e4,52025
Edge Chromium,Internet Cache,File,C:\Users\pc\AppData\Local\Microsoft\Edge\User Data\Default\Cache\Cache_Data\f_0000e5,39270
Edge Chromium,Internet Cache,File,C:\Users\pc\AppData\Local\Microsoft\Edge\User Data\Default\Cache\Cache_Data\f_0000e6,29691
Edge Chromium,Internet Cache,File,C:\Users\pc\AppData\Local\Microsoft\Edge\User Data\Default\Cache\Cache_Data\f_0000e7,556786
Edge Chromium,Internet Cache,File,C:\Users\pc\AppData\Local\Microsoft\Edge\User Data\Default\Cache\Cache_Data\f_0000e8,48820
Edge Chromium,Internet Cache,File,C:\Users\pc\AppData\Local\Microsoft\Edge\User Data\Default\Cache\Cache_Data\f_0000e9,39822
Edge Chromium,Internet Cache,File,C:\Users\pc\AppData\Local\Microsoft\Edge\User Data\Default\Cache\Cache_Data\f_0000ea,18351
Edge Chromium,Internet Cache,File,C:\Users\pc\AppData\Local\Microsoft\Edge\User Data\Default\Cache\Cache_Data\f_0000eb,23388
Edge Chromium,Internet Cache,File,C:\Users\pc\AppData\Local\Microsoft\Edge\User Data\Default\Cache\Cache_Data\f_0000ec,56738
Edge Chromium,Internet Cache,File,C:\Users\pc\AppData\Local\Microsoft\Edge\User Data\Default\Cache\Cache_Data\f_0000ed,66266
Edge Chromium,Internet Cache,File,C:\Users\pc\AppData\Local\Microsoft\Edge\User Data\Default\Cache\Cache_Data\f_0000ee,92724
Edge Chromium,Internet Cache,File,C:\Users\pc\AppData\Local\Microsoft\Edge\User Data\Default\Cache\Cache_Data\f_0000ef,98983
Edge Chromium,Internet Cache,File,C:\Users\pc\AppData\Local\Microsoft\Edge\User Data\Default\Cache\Cache_Data\f_0000f0,60579
Edge Chromium,Internet Cache,File,C:\Users\pc\AppData\Local\Microsoft\Edge\User Data\Default\Cache\Cache_Data\f_0000f1,70198
Edge Chromium,Internet Cache,File,C:\Users\pc\AppData\Local\Microsoft\Edge\User Data\Default\Cache\Cache_Data\f_0000f2,22459
Edge Chromium,Internet Cache,File,C:\Users\pc\AppData\Local\Microsoft\Edge\User Data\Default\Cache\Cache_Data\f_0000f3,47729
Edge Chromium,Internet Cache,File,C:\Users\pc\AppData\Local\Microsoft\Edge\User Data\Default\Cache\Cache_Data\f_0000f4,67636
Edge Chromium,Internet Cache,File,C:\Users\pc\AppData\Local\Microsoft\Edge\User Data\Default\Cache\Cache_Data\f_0000f5,90831
Edge Chromium,Internet Cache,File,C:\Users\pc\AppData\Local\Microsoft\Edge\User Data\Default\Cache\Cache_Data\f_0000f6,24953
Edge Chromium,Internet Cache,File,C:\Users\pc\AppData\Local\Microsoft\Edge\User Data\Default\Cache\Cache_Data\f_0000f7,21511
Edge Chromium,Internet Cache,File,C:\Users\pc\AppData\Local\Microsoft\Edge\User Data\Default\Cache\Cache_Data\f_0000f8,47490
Edge Chromium,Internet Cache,File,C:\Users\pc\AppData\Local\Microsoft\Edge\User Data\Default\Cache\Cache_Data\f_0000f9,89547
Edge Chromium,Internet Cache,File,C:\Users\pc\AppData\Local\Microsoft\Edge\User Data\Default\Cache\Cache_Data\f_0000fa,48935
Edge Chromium,Internet Cache,File,C:\Users\pc\AppData\Local\Microsoft\Edge\User Data\Default\Cache\Cache_Data\f_0000fb,21236
Edge Chromium,Internet Cache,File,C:\Users\pc\AppData\Local\Microsoft\Edge\User Data\Default\Cache\Cache_Data\f_0000fc,92311
Edge Chromium,Internet Cache,File,C:\Users\pc\AppData\Local\Microsoft\Edge\User Data\Default\Cache\Cache_Data\f_0000fd,2516470
Edge Chromium,Internet Cache,File,C:\Users\pc\AppData\Local\Microsoft\Edge\User Data\Default\Cache\Cache_Data\f_0000fe,20484
Edge Chromium,Internet Cache,File,C:\Users\pc\AppData\Local\Microsoft\Edge\User Data\Default\Cache\Cache_Data\f_0000ff,23788
Edge Chromium,Internet Cache,File,C:\Users\pc\AppData\Local\Microsoft\Edge\User Data\Default\Cache\Cache_Data\f_000100,19112
Edge Chromium,Internet Cache,File,C:\Users\pc\AppData\Local\Microsoft\Edge\User Data\Default\Cache\Cache_Data\index,524656
Edge Chromium,Internet Cache,File,C:\Users\pc\AppData\Local\Microsoft\Edge\User Data\Default\GPUCache\data_0,45056
Edge Chromium,Internet Cache,File,C:\Users\pc\AppData\Local\Microsoft\Edge\User Data\Default\GPUCache\data_1,270336
Edge Chromium,Internet Cache,File,C:\Users\pc\AppData\Local\Microsoft\Edge\User Data\Default\GPUCache\data_2,1056768
Edge Chromium,Internet Cache,File,C:\Users\pc\AppData\Local\Microsoft\Edge\User Data\Default\GPUCache\data_3,8192
Edge Chromium,Internet Cache,File,C:\Users\pc\AppData\Local\Microsoft\Edge\User Data\Default\GPUCache\index,262512
Edge Chromium,Internet Cache,File,C:\Users\pc\AppData\Local\Microsoft\Edge\User Data\Default\Code Cache\wasm\index,24
Edge Chromium,Internet Cache,File,C:\Users\pc\AppData\Local\Microsoft\Edge\User Data\Default\Code Cache\wasm\index-dir\the-real-index,48
Edge Chromium,Internet Cache,File,C:\Users\pc\AppData\Local\Microsoft\Edge\User Data\Default\Code Cache\js\010158490ac21629_0,311
Edge Chromium,Internet Cache,File,C:\Users\pc\AppData\Local\Microsoft\Edge\User Data\Default\Code Cache\js\01e66c1fab5e2fc0_0,161656
Edge Chromium,Internet Cache,File,C:\Users\pc\AppData\Local\Microsoft\Edge\User Data\Default\Code Cache\js\0207e5aa4a666655_0,253
Edge Chromium,Internet Cache,File,C:\Users\pc\AppData\Local\Microsoft\Edge\User Data\Default\Code Cache\js\05252492ec60aa58_0,4926
Edge Chromium,Internet Cache,File,C:\Users\pc\AppData\Local\Microsoft\Edge\User Data\Default\Code Cache\js\07e1b64da9097aec_0,299
Edge Chromium,Internet Cache,File,C:\Users\pc\AppData\Local\Microsoft\Edge\User Data\Default\Code Cache\js\09d8c4c3cfc65945_0,259
Edge Chromium,Internet Cache,File,C:\Users\pc\AppData\Local\Microsoft\Edge\User Data\Default\Code Cache\js\0a26c4ad2b835a6f_0,3251
Edge Chromium,Internet Cache,File,C:\Users\pc\AppData\Local\Microsoft\Edge\User Data\Default\Code Cache\js\0a5a08d28f125f0d_0,324
Edge Chromium,Internet Cache,File,C:\Users\pc\AppData\Local\Microsoft\Edge\User Data\Default\Code Cache\js\0a7e2d2d40c7a7dc_0,294
Edge Chromium,Internet Cache,File,C:\Users\pc\AppData\Local\Microsoft\Edge\User Data\Default\Code Cache\js\0b24e53b8d91d496_0,287
Edge Chromium,Internet Cache,File,C:\Users\pc\AppData\Local\Microsoft\Edge\User Data\Default\Code Cache\js\0bab6246090d379f_0,253
Edge Chromium,Internet Cache,File,C:\Users\pc\AppData\Local\Microsoft\Edge\User Data\Default\Code Cache\js\0d5df24888386b6f_0,58816
Edge Chromium,Internet Cache,File,C:\Users\pc\AppData\Local\Microsoft\Edge\User Data\Default\Code Cache\js\0f8968d5a0067f1b_0,253
Edge Chromium,Internet Cache,File,C:\Users\pc\AppData\Local\Microsoft\Edge\User Data\Default\Code Cache\js\0fc6fb24db2ca3da_0,253
Edge Chromium,Internet Cache,File,C:\Users\pc\AppData\Local\Microsoft\Edge\User Data\Default\Code Cache\js\121d1260b85209c2_0,155296
Edge Chromium,Internet Cache,File,C:\Users\pc\AppData\Local\Microsoft\Edge\User Data\Default\Code Cache\js\127f4ccab01ed7ef_0,253
Edge Chromium,Internet Cache,File,C:\Users\pc\AppData\Local\Microsoft\Edge\User Data\Default\Code Cache\js\1330395571377939_0,331
Edge Chromium,Internet Cache,File,C:\Users\pc\AppData\Local\Microsoft\Edge\User Data\Default\Code Cache\js\13956a89cab4690c_0,253
Edge Chromium,Internet Cache,File,C:\Users\pc\AppData\Local\Microsoft\Edge\User Data\Default\Code Cache\js\157ac5dc69855318_0,230
Edge Chromium,Internet Cache,File,C:\Users\pc\AppData\Local\Microsoft\Edge\User Data\Default\Code Cache\js\15987afa7640423d_0,261
Edge Chromium,Internet Cache,File,C:\Users\pc\AppData\Local\Microsoft\Edge\User Data\Default\Code Cache\js\173284d3a0496abc_0,253
Edge Chromium,Internet Cache,File,C:\Users\pc\AppData\Local\Microsoft\Edge\User Data\Default\Code Cache\js\18be00325492d921_0,253
Edge Chromium,Internet Cache,File,C:\Users\pc\AppData\Local\Microsoft\Edge\User Data\Default\Code Cache\js\1996d1d824b7d92e_0,36696
Edge Chromium,Internet Cache,File,C:\Users\pc\AppData\Local\Microsoft\Edge\User Data\Default\Code Cache\js\1ab4fff3e77b25ff_0,253
Edge Chromium,Internet Cache,File,C:\Users\pc\AppData\Local\Microsoft\Edge\User Data\Default\Code Cache\js\1bb98aca8f9a198e_0,299
Edge Chromium,Internet Cache,File,C:\Users\pc\AppData\Local\Microsoft\Edge\User Data\Default\Code Cache\js\1d1d5749edc7fe98_0,1570
Edge Chromium,Internet Cache,File,C:\Users\pc\AppData\Local\Microsoft\Edge\User Data\Default\Code Cache\js\1d9872f48fff0f3f_0,264
Edge Chromium,Internet Cache,File,C:\Users\pc\AppData\Local\Microsoft\Edge\User Data\Default\Code Cache\js\1e14a328e94c82c1_0,253
Edge Chromium,Internet Cache,File,C:\Users\pc\AppData\Local\Microsoft\Edge\User Data\Default\Code Cache\js\2005388038a549e8_0,253
Edge Chromium,Internet Cache,File,C:\Users\pc\AppData\Local\Microsoft\Edge\User Data\Default\Code Cache\js\20fb161155b265e7_0,332
Edge Chromium,Internet Cache,File,C:\Users\pc\AppData\Local\Microsoft\Edge\User Data\Default\Code Cache\js\2530cb72c1f84b08_0,2297
Edge Chromium,Internet Cache,File,C:\Users\pc\AppData\Local\Microsoft\Edge\User Data\Default\Code Cache\js\2825110268efa523_0,336
Edge Chromium,Internet Cache,File,C:\Users\pc\AppData\Local\Microsoft\Edge\User Data\Default\Code Cache\js\28f8a446c1e24747_0,258
Edge Chromium,Internet Cache,File,C:\Users\pc\AppData\Local\Microsoft\Edge\User Data\Default\Code Cache\js\297ee86179680a25_0,30320
Edge Chromium,Internet Cache,File,C:\Users\pc\AppData\Local\Microsoft\Edge\User Data\Default\Code Cache\js\2a1fdf93b868ba65_0,3397
Edge Chromium,Internet Cache,File,C:\Users\pc\AppData\Local\Microsoft\Edge\User Data\Default\Code Cache\js\2a8a6f695a3ff316_0,303
Edge Chromium,Internet Cache,File,C:\Users\pc\AppData\Local\Microsoft\Edge\User Data\Default\Code Cache\js\2d38e375c81ca36e_0,336
Edge Chromium,Internet Cache,File,C:\Users\pc\AppData\Local\Microsoft\Edge\User Data\Default\Code Cache\js\2e0cd7f4b0ad417c_0,199
Edge Chromium,Internet Cache,File,C:\Users\pc\AppData\Local\Microsoft\Edge\User Data\Default\Code Cache\js\2e4805bc3dc3f9ac_0,344
Edge Chromium,Internet Cache,File,C:\Users\pc\AppData\Local\Microsoft\Edge\User Data\Default\Code Cache\js\2ec9e95200d083ac_0,261
Edge Chromium,Internet Cache,File,C:\Users\pc\AppData\Local\Microsoft\Edge\User Data\Default\Code Cache\js\363daea8dad6edff_0,253
Edge Chromium,Internet Cache,File,C:\Users\pc\AppData\Local\Microsoft\Edge\User Data\Default\Code Cache\js\377a13f351dd3fb1_0,628
Edge Chromium,Internet Cache,File,C:\Users\pc\AppData\Local\Microsoft\Edge\User Data\Default\Code Cache\js\37880d88160ff321_0,344
Edge Chromium,Internet Cache,File,C:\Users\pc\AppData\Local\Microsoft\Edge\User Data\Default\Code Cache\js\38c6b863266e346e_0,253
Edge Chromium,Internet Cache,File,C:\Users\pc\AppData\Local\Microsoft\Edge\User Data\Default\Code Cache\js\38db7934c4fdb198_0,331
Edge Chromium,Internet Cache,File,C:\Users\pc\AppData\Local\Microsoft\Edge\User Data\Default\Code Cache\js\3927417142fd3149_0,272
Edge Chromium,Internet Cache,File,C:\Users\pc\AppData\Local\Microsoft\Edge\User Data\Default\Code Cache\js\3ab413dd54925f2e_0,3212
Edge Chromium,Internet Cache,File,C:\Users\pc\AppData\Local\Microsoft\Edge\User Data\Default\Code Cache\js\3b2e91680353d102_0,3225
Edge Chromium,Internet Cache,File,C:\Users\pc\AppData\Local\Microsoft\Edge\User Data\Default\Code Cache\js\3ccd41b4a39d5f58_0,255
Edge Chromium,Internet Cache,File,C:\Users\pc\AppData\Local\Microsoft\Edge\User Data\Default\Code Cache\js\3f1399c5b12b43b8_0,253
Edge Chromium,Internet Cache,File,C:\Users\pc\AppData\Local\Microsoft\Edge\User Data\Default\Code Cache\js\3f2ea6883b949347_0,2681
Edge Chromium,Internet Cache,File,C:\Users\pc\AppData\Local\Microsoft\Edge\User Data\Default\Code Cache\js\404543f82edbdd13_0,158752
Edge Chromium,Internet Cache,File,C:\Users\pc\AppData\Local\Microsoft\Edge\User Data\Default\Code Cache\js\40fda238970c25be_0,262
Edge Chromium,Internet Cache,File,C:\Users\pc\AppData\Local\Microsoft\Edge\User Data\Default\Code Cache\js\410d50a92a2c2b10_0,253
Edge Chromium,Internet Cache,File,C:\Users\pc\AppData\Local\Microsoft\Edge\User Data\Default\Code Cache\js\4256247ce5bc2b42_0,344
Edge Chromium,Internet Cache,File,C:\Users\pc\AppData\Local\Microsoft\Edge\User Data\Default\Code Cache\js\43c8f38d87ed3243_0,2304
Edge Chromium,Internet Cache,File,C:\Users\pc\AppData\Local\Microsoft\Edge\User Data\Default\Code Cache\js\45b6057b3583fcf6_0,5845
Edge Chromium,Internet Cache,File,C:\Users\pc\AppData\Local\Microsoft\Edge\User Data\Default\Code Cache\js\48a7be142c65f30e_0,336
Edge Chromium,Internet Cache,File,C:\Users\pc\AppData\Local\Microsoft\Edge\User Data\Default\Code Cache\js\48cda22941ef33ae_0,346
Edge Chromium,Internet Cache,File,C:\Users\pc\AppData\Local\Microsoft\Edge\User Data\Default\Code Cache\js\4929943a8f17de4c_0,257
Edge Chromium,Internet Cache,File,C:\Users\pc\AppData\Local\Microsoft\Edge\User Data\Default\Code Cache\js\4ab30ae38a9ab29f_0,97592
Edge Chromium,Internet Cache,File,C:\Users\pc\AppData\Local\Microsoft\Edge\User Data\Default\Code Cache\js\4ad1bb7f1f7afe29_0,3151
Edge Chromium,Internet Cache,File,C:\Users\pc\AppData\Local\Microsoft\Edge\User Data\Default\Code Cache\js\4cf8cd040473dc32_0,253
Edge Chromium,Internet Cache,File,C:\Users\pc\AppData\Local\Microsoft\Edge\User Data\Default\Code Cache\js\4e5dd979eb6f656b_0,252
Edge Chromium,Internet Cache,File,C:\Users\pc\AppData\Local\Microsoft\Edge\User Data\Default\Code Cache\js\4ea6caac63c8027b_0,336
Edge Chromium,Internet Cache,File,C:\Users\pc\AppData\Local\Microsoft\Edge\User Data\Default\Code Cache\js\4ed366e70cd5201e_0,253
Edge Chromium,Internet Cache,File,C:\Users\pc\AppData\Local\Microsoft\Edge\User Data\Default\Code Cache\js\4f57729706f0abd7_0,253
Edge Chromium,Internet Cache,File,C:\Users\pc\AppData\Local\Microsoft\Edge\User Data\Default\Code Cache\js\502162b29ce6b996_0,141608
Edge Chromium,Internet Cache,File,C:\Users\pc\AppData\Local\Microsoft\Edge\User Data\Default\Code Cache\js\52260860e35d2568_0,253
Edge Chromium,Internet Cache,File,C:\Users\pc\AppData\Local\Microsoft\Edge\User Data\Default\Code Cache\js\525b049a2f032d6b_0,3082
Edge Chromium,Internet Cache,File,C:\Users\pc\AppData\Local\Microsoft\Edge\User Data\Default\Code Cache\js\5344a77ef55383e1_0,253
Edge Chromium,Internet Cache,File,C:\Users\pc\AppData\Local\Microsoft\Edge\User Data\Default\Code Cache\js\5681b42344e3f23b_0,240
Edge Chromium,Internet Cache,File,C:\Users\pc\AppData\Local\Microsoft\Edge\User Data\Default\Code Cache\js\56905227aee1001e_0,253
Edge Chromium,Internet Cache,File,C:\Users\pc\AppData\Local\Microsoft\Edge\User Data\Default\Code Cache\js\58b5cd94e88e89a3_0,253
Edge Chromium,Internet Cache,File,C:\Users\pc\AppData\Local\Microsoft\Edge\User Data\Default\Code Cache\js\5a53ea30c48ab053_0,253
Edge Chromium,Internet Cache,File,C:\Users\pc\AppData\Local\Microsoft\Edge\User Data\Default\Code Cache\js\5ad5431546618f1e_0,253
Edge Chromium,Internet Cache,File,C:\Users\pc\AppData\Local\Microsoft\Edge\User Data\Default\Code Cache\js\5df80c856f5d1975_0,30328
Edge Chromium,Internet Cache,File,C:\Users\pc\AppData\Local\Microsoft\Edge\User Data\Default\Code Cache\js\5dfa428684d7279a_0,2173
Edge Chromium,Internet Cache,File,C:\Users\pc\AppData\Local\Microsoft\Edge\User Data\Default\Code Cache\js\5e55342d3b4faf05_0,34328
Edge Chromium,Internet Cache,File,C:\Users\pc\AppData\Local\Microsoft\Edge\User Data\Default\Code Cache\js\5ed01b2e4d194319_0,2674
Edge Chromium,Internet Cache,File,C:\Users\pc\AppData\Local\Microsoft\Edge\User Data\Default\Code Cache\js\5fa43770bdef75a1_0,344
Edge Chromium,Internet Cache,File,C:\Users\pc\AppData\Local\Microsoft\Edge\User Data\Default\Code Cache\js\5fab71bf589ac40c_0,2918
Edge Chromium,Internet Cache,File,C:\Users\pc\AppData\Local\Microsoft\Edge\User Data\Default\Code Cache\js\60459c61d8022187_0,253
Edge Chromium,Internet Cache,File,C:\Users\pc\AppData\Local\Microsoft\Edge\User Data\Default\Code Cache\js\61d26e75850f32b1_0,303
Edge Chromium,Internet Cache,File,C:\Users\pc\AppData\Local\Microsoft\Edge\User Data\Default\Code Cache\js\62ec9916364bec0d_0,344
Edge Chromium,Internet Cache,File,C:\Users\pc\AppData\Local\Microsoft\Edge\User Data\Default\Code Cache\js\63c53739a1c08d12_0,271
Edge Chromium,Internet Cache,File,C:\Users\pc\AppData\Local\Microsoft\Edge\User Data\Default\Code Cache\js\647e9a55578e2d7a_0,344
Edge Chromium,Internet Cache,File,C:\Users\pc\AppData\Local\Microsoft\Edge\User Data\Default\Code Cache\js\666757b6f37ec284_0,27192
Edge Chromium,Internet Cache,File,C:\Users\pc\AppData\Local\Microsoft\Edge\User Data\Default\Code Cache\js\66b43c6c72a275e2_0,291
Edge Chromium,Internet Cache,File,C:\Users\pc\AppData\Local\Microsoft\Edge\User Data\Default\Code Cache\js\66f1fbeb6d265a72_0,2727
Edge Chromium,Internet Cache,File,C:\Users\pc\AppData\Local\Microsoft\Edge\User Data\Default\Code Cache\js\6849963b3bb673a1_0,257
Edge Chromium,Internet Cache,File,C:\Users\pc\AppData\Local\Microsoft\Edge\User Data\Default\Code Cache\js\6db272ff7f2b3df7_0,61480
Edge Chromium,Internet Cache,File,C:\Users\pc\AppData\Local\Microsoft\Edge\User Data\Default\Code Cache\js\6f91f15a72cd8744_0,260
Edge Chromium,Internet Cache,File,C:\Users\pc\AppData\Local\Microsoft\Edge\User Data\Default\Code Cache\js\70918ed29eccb7c3_0,3089
Edge Chromium,Internet Cache,File,C:\Users\pc\AppData\Local\Microsoft\Edge\User Data\Default\Code Cache\js\7209d96c8db9b84d_0,253
Edge Chromium,Internet Cache,File,C:\Users\pc\AppData\Local\Microsoft\Edge\User Data\Default\Code Cache\js\72abd71061862cf5_0,253
Edge Chromium,Internet Cache,File,C:\Users\pc\AppData\Local\Microsoft\Edge\User Data\Default\Code Cache\js\75aeb8e12a2a1d15_0,253
Edge Chromium,Internet Cache,File,C:\Users\pc\AppData\Local\Microsoft\Edge\User Data\Default\Code Cache\js\76700eba827a8341_0,2228
Edge Chromium,Internet Cache,File,C:\Users\pc\AppData\Local\Microsoft\Edge\User Data\Default\Code Cache\js\76ad4b8e72417af0_0,293
Edge Chromium,Internet Cache,File,C:\Users\pc\AppData\Local\Microsoft\Edge\User Data\Default\Code Cache\js\79b5d469afd8fdf3_0,34304
Edge Chromium,Internet Cache,File,C:\Users\pc\AppData\Local\Microsoft\Edge\User Data\Default\Code Cache\js\7a66660d0e8367ba_0,510
Edge Chromium,Internet Cache,File,C:\Users\pc\AppData\Local\Microsoft\Edge\User Data\Default\Code Cache\js\7b41015c638a2cfe_0,327
Edge Chromium,Internet Cache,File,C:\Users\pc\AppData\Local\Microsoft\Edge\User Data\Default\Code Cache\js\7d80d2f5cf6ad63d_0,255
Edge Chromium,Internet Cache,File,C:\Users\pc\AppData\Local\Microsoft\Edge\User Data\Default\Code Cache\js\7ee4fa94ea09732c_0,6404
Edge Chromium,Internet Cache,File,C:\Users\pc\AppData\Local\Microsoft\Edge\User Data\Default\Code Cache\js\8143d45e31b6a950_0,3279
Edge Chromium,Internet Cache,File,C:\Users\pc\AppData\Local\Microsoft\Edge\User Data\Default\Code Cache\js\82e48f00cc3b027d_0,253
Edge Chromium,Internet Cache,File,C:\Users\pc\AppData\Local\Microsoft\Edge\User Data\Default\Code Cache\js\8426e3cd97e61411_0,2864
Edge Chromium,Internet Cache,File,C:\Users\pc\AppData\Local\Microsoft\Edge\User Data\Default\Code Cache\js\852d3a6674be3b3a_0,254
Edge Chromium,Internet Cache,File,C:\Users\pc\AppData\Local\Microsoft\Edge\User Data\Default\Code Cache\js\861806435721f558_0,158688
Edge Chromium,Internet Cache,File,C:\Users\pc\AppData\Local\Microsoft\Edge\User Data\Default\Code Cache\js\877f6a39427e9d6b_0,253
Edge Chromium,Internet Cache,File,C:\Users\pc\AppData\Local\Microsoft\Edge\User Data\Default\Code Cache\js\89a3145d343b4b1c_0,344
Edge Chromium,Internet Cache,File,C:\Users\pc\AppData\Local\Microsoft\Edge\User Data\Default\Code Cache\js\8acf03673e214fa5_0,290
Edge Chromium,Internet Cache,File,C:\Users\pc\AppData\Local\Microsoft\Edge\User Data\Default\Code Cache\js\8d3dfe6c16e1a4ab_0,253
Edge Chromium,Internet Cache,File,C:\Users\pc\AppData\Local\Microsoft\Edge\User Data\Default\Code Cache\js\8fcada4780005ceb_0,31928
Edge Chromium,Internet Cache,File,C:\Users\pc\AppData\Local\Microsoft\Edge\User Data\Default\Code Cache\js\90fa5337583d7c44_0,261
Edge Chromium,Internet Cache,File,C:\Users\pc\AppData\Local\Microsoft\Edge\User Data\Default\Code Cache\js\927a71183208690f_0,3265
Edge Chromium,Internet Cache,File,C:\Users\pc\AppData\Local\Microsoft\Edge\User Data\Default\Code Cache\js\95984dbcafe55a7d_0,253
Edge Chromium,Internet Cache,File,C:\Users\pc\AppData\Local\Microsoft\Edge\User Data\Default\Code Cache\js\96a0ec8ba756f0ee_0,344
Edge Chromium,Internet Cache,File,C:\Users\pc\AppData\Local\Microsoft\Edge\User Data\Default\Code Cache\js\96b47b5854d54b5a_0,3258
Edge Chromium,Internet Cache,File,C:\Users\pc\AppData\Local\Microsoft\Edge\User Data\Default\Code Cache\js\96ed1a389b440c5c_0,253
Edge Chromium,Internet Cache,File,C:\Users\pc\AppData\Local\Microsoft\Edge\User Data\Default\Code Cache\js\97dc0af5cfe2811a_0,253
Edge Chromium,Internet Cache,File,C:\Users\pc\AppData\Local\Microsoft\Edge\User Data\Default\Code Cache\js\9906fab3a5d99b13_0,16278
Edge Chromium,Internet Cache,File,C:\Users\pc\AppData\Local\Microsoft\Edge\User Data\Default\Code Cache\js\9a0976721212f009_0,89808
Edge Chromium,Internet Cache,File,C:\Users\pc\AppData\Local\Microsoft\Edge\User Data\Default\Code Cache\js\9ad916d4afa0a32e_0,260
Edge Chromium,Internet Cache,File,C:\Users\pc\AppData\Local\Microsoft\Edge\User Data\Default\Code Cache\js\9b302a24e442fe2f_0,253
Edge Chromium,Internet Cache,File,C:\Users\pc\AppData\Local\Microsoft\Edge\User Data\Default\Code Cache\js\9c69df2be0432c36_0,2332
Edge Chromium,Internet Cache,File,C:\Users\pc\AppData\Local\Microsoft\Edge\User Data\Default\Code Cache\js\9cd891ac2b47ec22_0,227
Edge Chromium,Internet Cache,File,C:\Users\pc\AppData\Local\Microsoft\Edge\User Data\Default\Code Cache\js\9ef1bd0795f18d17_0,253
Edge Chromium,Internet Cache,File,C:\Users\pc\AppData\Local\Microsoft\Edge\User Data\Default\Code Cache\js\a09a223e3bad6870_0,463
Edge Chromium,Internet Cache,File,C:\Users\pc\AppData\Local\Microsoft\Edge\User Data\Default\Code Cache\js\a2383c1eda62997b_0,253
Edge Chromium,Internet Cache,File,C:\Users\pc\AppData\Local\Microsoft\Edge\User Data\Default\Code Cache\js\a248afa2945f6828_0,3533
Edge Chromium,Internet Cache,File,C:\Users\pc\AppData\Local\Microsoft\Edge\User Data\Default\Code Cache\js\a5311ed95463ee23_0,253
Edge Chromium,Internet Cache,File,C:\Users\pc\AppData\Local\Microsoft\Edge\User Data\Default\Code Cache\js\a532f2ab2294f839_0,344
Edge Chromium,Internet Cache,File,C:\Users\pc\AppData\Local\Microsoft\Edge\User Data\Default\Code Cache\js\a632544c67372fc1_0,344
Edge Chromium,Internet Cache,File,C:\Users\pc\AppData\Local\Microsoft\Edge\User Data\Default\Code Cache\js\a867e2fb6839550c_0,267
Edge Chromium,Internet Cache,File,C:\Users\pc\AppData\Local\Microsoft\Edge\User Data\Default\Code Cache\js\a8d22f194f2365e9_0,253
Edge Chromium,Internet Cache,File,C:\Users\pc\AppData\Local\Microsoft\Edge\User Data\Default\Code Cache\js\aa33513a564200a2_0,2925
Edge Chromium,Internet Cache,File,C:\Users\pc\AppData\Local\Microsoft\Edge\User Data\Default\Code Cache\js\aad767daee2039fe_0,268
Edge Chromium,Internet Cache,File,C:\Users\pc\AppData\Local\Microsoft\Edge\User Data\Default\Code Cache\js\aae518cb31628286_0,314
Edge Chromium,Internet Cache,File,C:\Users\pc\AppData\Local\Microsoft\Edge\User Data\Default\Code Cache\js\ad15e6a0631b0f81_0,262
Edge Chromium,Internet Cache,File,C:\Users\pc\AppData\Local\Microsoft\Edge\User Data\Default\Code Cache\js\ad26fc25c618508a_0,253
Edge Chromium,Internet Cache,File,C:\Users\pc\AppData\Local\Microsoft\Edge\User Data\Default\Code Cache\js\ad7e3011966334ee_0,79168
Edge Chromium,Internet Cache,File,C:\Users\pc\AppData\Local\Microsoft\Edge\User Data\Default\Code Cache\js\aec298e82729bd45_0,253
Edge Chromium,Internet Cache,File,C:\Users\pc\AppData\Local\Microsoft\Edge\User Data\Default\Code Cache\js\af32d0f2edfa0e52_0,2932
Edge Chromium,Internet Cache,File,C:\Users\pc\AppData\Local\Microsoft\Edge\User Data\Default\Code Cache\js\afe25e6684e949e3_0,253
Edge Chromium,Internet Cache,File,C:\Users\pc\AppData\Local\Microsoft\Edge\User Data\Default\Code Cache\js\b07bade1ce416577_0,3272
Edge Chromium,Internet Cache,File,C:\Users\pc\AppData\Local\Microsoft\Edge\User Data\Default\Code Cache\js\b10349691d2d4346_0,277
Edge Chromium,Internet Cache,File,C:\Users\pc\AppData\Local\Microsoft\Edge\User Data\Default\Code Cache\js\b1a231375a17414a_0,158752
Edge Chromium,Internet Cache,File,C:\Users\pc\AppData\Local\Microsoft\Edge\User Data\Default\Code Cache\js\b2eb93c6b24d9619_0,253
Edge Chromium,Internet Cache,File,C:\Users\pc\AppData\Local\Microsoft\Edge\User Data\Default\Code Cache\js\b43fca1032d0b4a8_0,263
Edge Chromium,Internet Cache,File,C:\Users\pc\AppData\Local\Microsoft\Edge\User Data\Default\Code Cache\js\b48a486577f86def_0,304
Edge Chromium,Internet Cache,File,C:\Users\pc\AppData\Local\Microsoft\Edge\User Data\Default\Code Cache\js\b4dd29dc2adae177_0,253
Edge Chromium,Internet Cache,File,C:\Users\pc\AppData\Local\Microsoft\Edge\User Data\Default\Code Cache\js\b5223e16b81b937f_0,154424
Edge Chromium,Internet Cache,File,C:\Users\pc\AppData\Local\Microsoft\Edge\User Data\Default\Code Cache\js\b690005aaf1ef7a0_0,331592
Edge Chromium,Internet Cache,File,C:\Users\pc\AppData\Local\Microsoft\Edge\User Data\Default\Code Cache\js\b6e7b730f8fea597_0,2311
Edge Chromium,Internet Cache,File,C:\Users\pc\AppData\Local\Microsoft\Edge\User Data\Default\Code Cache\js\b8048913d35e441e_0,30328
Edge Chromium,Internet Cache,File,C:\Users\pc\AppData\Local\Microsoft\Edge\User Data\Default\Code Cache\js\b9150aa2075eee37_0,3301
Edge Chromium,Internet Cache,File,C:\Users\pc\AppData\Local\Microsoft\Edge\User Data\Default\Code Cache\js\ba678a2fbd8c358c_0,298
Edge Chromium,Internet Cache,File,C:\Users\pc\AppData\Local\Microsoft\Edge\User Data\Default\Code Cache\js\bf4865ce43e34077_0,253
Edge Chromium,Internet Cache,File,C:\Users\pc\AppData\Local\Microsoft\Edge\User Data\Default\Code Cache\js\c1049b3a0e811368_0,35272
Edge Chromium,Internet Cache,File,C:\Users\pc\AppData\Local\Microsoft\Edge\User Data\Default\Code Cache\js\c2c515ae40ab3e34_0,79304
Edge Chromium,Internet Cache,File,C:\Users\pc\AppData\Local\Microsoft\Edge\User Data\Default\Code Cache\js\c4b623b6b7c91647_0,344
Edge Chromium,Internet Cache,File,C:\Users\pc\AppData\Local\Microsoft\Edge\User Data\Default\Code Cache\js\c737279a68e41b4d_0,26816
Edge Chromium,Internet Cache,File,C:\Users\pc\AppData\Local\Microsoft\Edge\User Data\Default\Code Cache\js\c9118dc544429eb6_0,2718
Edge Chromium,Internet Cache,File,C:\Users\pc\AppData\Local\Microsoft\Edge\User Data\Default\Code Cache\js\cbc0cc0c8b0e026e_0,299
Edge Chromium,Internet Cache,File,C:\Users\pc\AppData\Local\Microsoft\Edge\User Data\Default\Code Cache\js\cbf066a703cdd8e6_0,253
Edge Chromium,Internet Cache,File,C:\Users\pc\AppData\Local\Microsoft\Edge\User Data\Default\Code Cache\js\cbf8e43c40bfe9b6_0,313
Edge Chromium,Internet Cache,File,C:\Users\pc\AppData\Local\Microsoft\Edge\User Data\Default\Code Cache\js\cd61af2912036813_0,291
Edge Chromium,Internet Cache,File,C:\Users\pc\AppData\Local\Microsoft\Edge\User Data\Default\Code Cache\js\ce817df42294b794_0,262
Edge Chromium,Internet Cache,File,C:\Users\pc\AppData\Local\Microsoft\Edge\User Data\Default\Code Cache\js\cfadaa2b8a8f1d57_0,259
Edge Chromium,Internet Cache,File,C:\Users\pc\AppData\Local\Microsoft\Edge\User Data\Default\Code Cache\js\cff2671c8ceaaca3_0,357
Edge Chromium,Internet Cache,File,C:\Users\pc\AppData\Local\Microsoft\Edge\User Data\Default\Code Cache\js\d087e77a829debd9_0,261
Edge Chromium,Internet Cache,File,C:\Users\pc\AppData\Local\Microsoft\Edge\User Data\Default\Code Cache\js\d1faa4dcfafacaac_0,253
Edge Chromium,Internet Cache,File,C:\Users\pc\AppData\Local\Microsoft\Edge\User Data\Default\Code Cache\js\d529f03136693804_0,2290
Edge Chromium,Internet Cache,File,C:\Users\pc\AppData\Local\Microsoft\Edge\User Data\Default\Code Cache\js\d73fa02014efe7e2_0,328
Edge Chromium,Internet Cache,File,C:\Users\pc\AppData\Local\Microsoft\Edge\User Data\Default\Code Cache\js\d9446e2e63109c07_0,3062
Edge Chromium,Internet Cache,File,C:\Users\pc\AppData\Local\Microsoft\Edge\User Data\Default\Code Cache\js\d94cb83bd6ae863b_0,253
Edge Chromium,Internet Cache,File,C:\Users\pc\AppData\Local\Microsoft\Edge\User Data\Default\Code Cache\js\dafbe1c632fb072c_0,253
Edge Chromium,Internet Cache,File,C:\Users\pc\AppData\Local\Microsoft\Edge\User Data\Default\Code Cache\js\db2a2ca18acc2429_0,253
Edge Chromium,Internet Cache,File,C:\Users\pc\AppData\Local\Microsoft\Edge\User Data\Default\Code Cache\js\db705087ddafd66b_0,3123
Edge Chromium,Internet Cache,File,C:\Users\pc\AppData\Local\Microsoft\Edge\User Data\Default\Code Cache\js\dc7e297d40444e3f_0,90152
Edge Chromium,Internet Cache,File,C:\Users\pc\AppData\Local\Microsoft\Edge\User Data\Default\Code Cache\js\dcd11ada975f69e4_0,13275
Edge Chromium,Internet Cache,File,C:\Users\pc\AppData\Local\Microsoft\Edge\User Data\Default\Code Cache\js\de7f00fc9a2b53e5_0,256
Edge Chromium,Internet Cache,File,C:\Users\pc\AppData\Local\Microsoft\Edge\User Data\Default\Code Cache\js\df96db7a3a6f592a_0,278
Edge Chromium,Internet Cache,File,C:\Users\pc\AppData\Local\Microsoft\Edge\User Data\Default\Code Cache\js\dfd21032ce2efe7b_0,30328
Edge Chromium,Internet Cache,File,C:\Users\pc\AppData\Local\Microsoft\Edge\User Data\Default\Code Cache\js\e1d23aec7715f542_0,265
Edge Chromium,Internet Cache,File,C:\Users\pc\AppData\Local\Microsoft\Edge\User Data\Default\Code Cache\js\e2dfa905bb763615_0,294
Edge Chromium,Internet Cache,File,C:\Users\pc\AppData\Local\Microsoft\Edge\User Data\Default\Code Cache\js\e39dac13bf18624a_0,61544
Edge Chromium,Internet Cache,File,C:\Users\pc\AppData\Local\Microsoft\Edge\User Data\Default\Code Cache\js\e3d870ac6405f971_0,90032
Edge Chromium,Internet Cache,File,C:\Users\pc\AppData\Local\Microsoft\Edge\User Data\Default\Code Cache\js\e5073140c1e983da_0,255
Edge Chromium,Internet Cache,File,C:\Users\pc\AppData\Local\Microsoft\Edge\User Data\Default\Code Cache\js\e5b299fe5b6b2e85_0,2877
Edge Chromium,Internet Cache,File,C:\Users\pc\AppData\Local\Microsoft\Edge\User Data\Default\Code Cache\js\e6857eb273bf2d20_0,260
Edge Chromium,Internet Cache,File,C:\Users\pc\AppData\Local\Microsoft\Edge\User Data\Default\Code Cache\js\e93de3810c23533f_0,6557
Edge Chromium,Internet Cache,File,C:\Users\pc\AppData\Local\Microsoft\Edge\User Data\Default\Code Cache\js\ea89d46c7a0c26ec_0,320
Edge Chromium,Internet Cache,File,C:\Users\pc\AppData\Local\Microsoft\Edge\User Data\Default\Code Cache\js\eba7466fc60f7981_0,26896
Edge Chromium,Internet Cache,File,C:\Users\pc\AppData\Local\Microsoft\Edge\User Data\Default\Code Cache\js\ebd24067399156df_0,3238
Edge Chromium,Internet Cache,File,C:\Users\pc\AppData\Local\Microsoft\Edge\User Data\Default\Code Cache\js\ee16adc4dd4a6bc3_0,344
Edge Chromium,Internet Cache,File,C:\Users\pc\AppData\Local\Microsoft\Edge\User Data\Default\Code Cache\js\eedd16cde38d495b_0,253
Edge Chromium,Internet Cache,File,C:\Users\pc\AppData\Local\Microsoft\Edge\User Data\Default\Code Cache\js\f03f2b22365b9282_0,2601
Edge Chromium,Internet Cache,File,C:\Users\pc\AppData\Local\Microsoft\Edge\User Data\Default\Code Cache\js\f08cff8d423683c4_0,255
Edge Chromium,Internet Cache,File,C:\Users\pc\AppData\Local\Microsoft\Edge\User Data\Default\Code Cache\js\f197069b13ecd038_0,344
Edge Chromium,Internet Cache,File,C:\Users\pc\AppData\Local\Microsoft\Edge\User Data\Default\Code Cache\js\f27ad8438b4bc922_0,258
Edge Chromium,Internet Cache,File,C:\Users\pc\AppData\Local\Microsoft\Edge\User Data\Default\Code Cache\js\f473527450e3e521_0,293
Edge Chromium,Internet Cache,File,C:\Users\pc\AppData\Local\Microsoft\Edge\User Data\Default\Code Cache\js\f5f4ed41d09b7de3_0,2796
Edge Chromium,Internet Cache,File,C:\Users\pc\AppData\Local\Microsoft\Edge\User Data\Default\Code Cache\js\f6971348295f011d_0,253
Edge Chromium,Internet Cache,File,C:\Users\pc\AppData\Local\Microsoft\Edge\User Data\Default\Code Cache\js\f9b2e546883ca6a6_0,1328
Edge Chromium,Internet Cache,File,C:\Users\pc\AppData\Local\Microsoft\Edge\User Data\Default\Code Cache\js\fa193ee3755e665e_0,157256
Edge Chromium,Internet Cache,File,C:\Users\pc\AppData\Local\Microsoft\Edge\User Data\Default\Code Cache\js\fb77259879874798_0,474
Edge Chromium,Internet Cache,File,C:\Users\pc\AppData\Local\Microsoft\Edge\User Data\Default\Code Cache\js\fd9ead7617aad013_0,500
Edge Chromium,Internet Cache,File,C:\Users\pc\AppData\Local\Microsoft\Edge\User Data\Default\Code Cache\js\fdc2d829f9e577ff_0,253
Edge Chromium,Internet Cache,File,C:\Users\pc\AppData\Local\Microsoft\Edge\User Data\Default\Code Cache\js\fe793f56ec0a9671_0,259
Edge Chromium,Internet Cache,File,C:\Users\pc\AppData\Local\Microsoft\Edge\User Data\Default\Code Cache\js\index,24
Edge Chromium,Internet Cache,File,C:\Users\pc\AppData\Local\Microsoft\Edge\User Data\Default\Code Cache\js\index-dir\the-real-index,5112
Edge Chromium,Internet Cache,File,C:\Users\pc\AppData\Local\Microsoft\Edge\User Data\Default\EdgeCoupons\coupons_data.db\000004.log,2250
Edge Chromium,Internet Cache,File,C:\Users\pc\AppData\Local\Microsoft\Edge\User Data\Default\EdgeCoupons\coupons_data.db\000005.ldb,672471
Edge Chromium,Internet Cache,File,C:\Users\pc\AppData\Local\Microsoft\Edge\User Data\Default\EdgeCoupons\coupons_data.db\CURRENT,16
Edge Chromium,Internet Cache,File,C:\Users\pc\AppData\Local\Microsoft\Edge\User Data\Default\EdgeCoupons\coupons_data.db\LOCK,0
Edge Chromium,Internet Cache,File,C:\Users\pc\AppData\Local\Microsoft\Edge\User Data\Default\EdgeCoupons\coupons_data.db\LOG,340
Edge Chromium,Internet Cache,File,C:\Users\pc\AppData\Local\Microsoft\Edge\User Data\Default\EdgeCoupons\coupons_data.db\LOG.old,340
Edge Chromium,Internet Cache,File,C:\Users\pc\AppData\Local\Microsoft\Edge\User Data\Default\EdgeCoupons\coupons_data.db\MANIFEST-000001,103
Edge Chromium,Internet Cache,File,C:\Users\pc\AppData\Local\Microsoft\Edge\User Data\Default\IndexedDB\https_ntp.msn.com_0.indexeddb.leveldb\000004.log,501512
Edge Chromium,Internet Cache,File,C:\Users\pc\AppData\Local\Microsoft\Edge\User Data\Default\IndexedDB\https_ntp.msn.com_0.indexeddb.leveldb\000005.ldb,22821
Edge Chromium,Internet Cache,File,C:\Users\pc\AppData\Local\Microsoft\Edge\User Data\Default\IndexedDB\https_ntp.msn.com_0.indexeddb.leveldb\CURRENT,16
Edge Chromium,Internet Cache,File,C:\Users\pc\AppData\Local\Microsoft\Edge\User Data\Default\IndexedDB\https_ntp.msn.com_0.indexeddb.leveldb\LOCK,0
Edge Chromium,Internet Cache,File,C:\Users\pc\AppData\Local\Microsoft\Edge\User Data\Default\IndexedDB\https_ntp.msn.com_0.indexeddb.leveldb\LOG,380
Edge Chromium,Internet Cache,File,C:\Users\pc\AppData\Local\Microsoft\Edge\User Data\Default\IndexedDB\https_ntp.msn.com_0.indexeddb.leveldb\LOG.old,380
Edge Chromium,Internet Cache,File,C:\Users\pc\AppData\Local\Microsoft\Edge\User Data\Default\IndexedDB\https_ntp.msn.com_0.indexeddb.leveldb\MANIFEST-000001,754
Edge Chromium,Internet Cache,File,C:\Users\pc\AppData\Local\Microsoft\Edge\User Data\Default\EdgePushStorageWithWinRt\000003.log,1438
System,Memory Dumps,File,C:\Windows\system32\config\systemprofile\AppData\Local\CrashDumps\rsEDRSvc.exe.10884.dmp,22540124
System,Memory Dumps,File,C:\Windows\system32\config\systemprofile\AppData\Local\CrashDumps\rsEDRSvc.exe.11392.dmp,22598600
System,Memory Dumps,File,C:\Windows\system32\config\systemprofile\AppData\Local\CrashDumps\rsEDRSvc.exe.1180.dmp,22640757
System,Memory Dumps,File,C:\Windows\system32\config\systemprofile\AppData\Local\CrashDumps\rsEDRSvc.exe.15952.dmp,22638728
System,Memory Dumps,File,C:\Windows\system32\config\systemprofile\AppData\Local\CrashDumps\rsEDRSvc.exe.17600.dmp,22590296
System,Memory Dumps,File,C:\Windows\system32\config\systemprofile\AppData\Local\CrashDumps\rsEDRSvc.exe.18384.dmp,22412271
System,Memory Dumps,File,C:\Windows\system32\config\systemprofile\AppData\Local\CrashDumps\rsEDRSvc.exe.19204.dmp,22551033
System,Memory Dumps,File,C:\Windows\system32\config\systemprofile\AppData\Local\CrashDumps\rsEDRSvc.exe.5316.dmp,22535591
System,Memory Dumps,File,C:\Windows\system32\config\systemprofile\AppData\Local\CrashDumps\rsEDRSvc.exe.5944.dmp,22647380
System,Memory Dumps,File,C:\Windows\system32\config\systemprofile\AppData\Local\CrashDumps\rsEDRSvc.exe.952.dmp,22577167
Registry,Firewall Rules,Registry key,HKLM\SYSTEM\ControlSet001\services\SharedAccess\Parameters\FirewallPolicy\FirewallRules - TCP Query User{D32C8CAD-A9D3-4754-86B7-1E0592FC4EA9}C:\users\pc\appdata\local\android\sdk\platform-tools\adb.exe
Registry,Firewall Rules,Registry key,HKLM\SYSTEM\ControlSet001\services\SharedAccess\Parameters\FirewallPolicy\FirewallRules - UDP Query User{4DB4B2E2-835A-4FB6-9F43-D3AE77D5F554}C:\users\pc\appdata\local\android\sdk\platform-tools\adb.exe
Registry,Firewall Rules,Registry key,HKLM\SYSTEM\ControlSet001\services\SharedAccess\Parameters\FirewallPolicy\FirewallRules - TCP Query User{937D7EE3-9010-455C-925D-E34AA98114A4}C:\users\pc\appdata\local\programs\microsoft vs code\code.exe
Registry,Firewall Rules,Registry key,HKLM\SYSTEM\ControlSet001\services\SharedAccess\Parameters\FirewallPolicy\FirewallRules - UDP Query User{34F51A58-585F-4C0C-AA61-49766C067AD1}C:\users\pc\appdata\local\programs\microsoft vs code\code.exe
Registry,Firewall Rules,Registry key,HKLM\SYSTEM\ControlSet001\services\SharedAccess\Parameters\FirewallPolicy\FirewallRules - {EA938851-F35B-4EB4-8DB6-1F40AB351A67}
Registry,Firewall Rules,Registry key,HKLM\SYSTEM\ControlSet001\services\SharedAccess\Parameters\FirewallPolicy\FirewallRules - {5D52798E-FD76-493A-A70D-1B556826172E}
Registry,Firewall Rules,Registry key,HKLM\SYSTEM\ControlSet001\services\SharedAccess\Parameters\FirewallPolicy\FirewallRules - {202F050F-4BD4-46BB-9B0D-AEF0814AA4A3}
Registry,Firewall Rules,Registry key,HKLM\SYSTEM\ControlSet001\services\SharedAccess\Parameters\FirewallPolicy\FirewallRules - {5635AF04-90C7-4CB7-9374-F543822634F1}
Registry,Firewall Rules,Registry key,HKLM\SYSTEM\ControlSet001\services\SharedAccess\Parameters\FirewallPolicy\FirewallRules - TCP Query User{9F419AD4-EFBB-4C75-8602-65ECC41B4A74}C:\users\pc\appdata\local\programs\microsoft vs code insiders\code - insiders.exe
Registry,Firewall Rules,Registry key,HKLM\SYSTEM\ControlSet001\services\SharedAccess\Parameters\FirewallPolicy\FirewallRules - UDP Query User{8DAC332C-1850-43FF-9EBB-05EF781000A1}C:\users\pc\appdata\local\programs\microsoft vs code insiders\code - insiders.exe
Registry,Firewall Rules,Registry key,HKLM\SYSTEM\ControlSet001\services\SharedAccess\Parameters\FirewallPolicy\FirewallRules - Collab-P2PHost-WSD-In-UDP
Registry,Firewall Rules,Registry key,HKLM\SYSTEM\ControlSet001\services\SharedAccess\Parameters\FirewallPolicy\FirewallRules - Collab-P2PHost-Out-TCP
Registry,Firewall Rules,Registry key,HKLM\SYSTEM\ControlSet001\services\SharedAccess\Parameters\FirewallPolicy\FirewallRules - Collab-P2PHost-WSD-Out-UDP
Registry,Firewall Rules,Registry key,HKLM\SYSTEM\ControlSet001\services\SharedAccess\Parameters\FirewallPolicy\FirewallRules - Collab-P2PHost-In-TCP
Registry,Firewall Rules,Registry key,HKLM\SYSTEM\ControlSet001\services\SharedAccess\Parameters\FirewallPolicy\FirewallRules - MCX-Prov-Out-TCP
Registry,Firewall Rules,Registry key,HKLM\SYSTEM\ControlSet001\services\SharedAccess\Parameters\FirewallPolicy\FirewallRules - MCX-In-UDP
Registry,Firewall Rules,Registry key,HKLM\SYSTEM\ControlSet001\services\SharedAccess\Parameters\FirewallPolicy\FirewallRules - MCX-In-TCP
Registry,Firewall Rules,Registry key,HKLM\SYSTEM\ControlSet001\services\SharedAccess\Parameters\FirewallPolicy\FirewallRules - MCX-McrMgr-Out-TCP
Registry,Firewall Rules,Registry key,HKLM\SYSTEM\ControlSet001\services\SharedAccess\Parameters\FirewallPolicy\FirewallRules - MCX-Out-TCP
Registry,Firewall Rules,Registry key,HKLM\SYSTEM\ControlSet001\services\SharedAccess\Parameters\FirewallPolicy\FirewallRules - MCX-Out-UDP
Registry,Firewall Rules,Registry key,HKLM\SYSTEM\ControlSet001\services\SharedAccess\Parameters\FirewallPolicy\FirewallRules - TCP Query User{6DACB262-864F-415D-81CA-5DF024E6B824}C:\users\pc\.vscode\extensions\redhat.java-1.43.1-win32-x64\jre\21.0.7-win32-x86_64\bin\java.exe
Registry,Firewall Rules,Registry key,HKLM\SYSTEM\ControlSet001\services\SharedAccess\Parameters\FirewallPolicy\FirewallRules - UDP Query User{C776F78C-7A7A-4EF0-9D14-C9FD7D480C8F}C:\users\pc\.vscode\extensions\redhat.java-1.43.1-win32-x64\jre\21.0.7-win32-x86_64\bin\java.exe
Registry,Firewall Rules,Registry key,HKLM\SYSTEM\ControlSet001\services\SharedAccess\Parameters\FirewallPolicy\FirewallRules - TCP Query User{717271AB-BE47-4295-82C4-AB36DE229D94}C:\users\pc\appdata\local\temp\rar$exa4796.13629.rartemp\java-1.8.0-openjdk-1.8.0.452.b09-1.win.jdk.x86_64\bin\tnameserv.exe
Registry,Firewall Rules,Registry key,HKLM\SYSTEM\ControlSet001\services\SharedAccess\Parameters\FirewallPolicy\FirewallRules - UDP Query User{E3444CC0-AE5C-4BAA-BF1B-9BCC2B724511}C:\users\pc\appdata\local\temp\rar$exa4796.13629.rartemp\java-1.8.0-openjdk-1.8.0.452.b09-1.win.jdk.x86_64\bin\tnameserv.exe
Registry,Firewall Rules,Registry key,HKLM\SYSTEM\ControlSet001\services\SharedAccess\Parameters\FirewallPolicy\FirewallRules - TCP Query User{E3C0F17E-5476-497E-AFDE-0E9E5A915452}C:\users\pc\appdata\local\temp\rar$exa4796.22482.rartemp\java-1.8.0-openjdk-1.8.0.452.b09-1.win.jdk.x86_64\bin\rmiregistry.exe
Registry,Firewall Rules,Registry key,HKLM\SYSTEM\ControlSet001\services\SharedAccess\Parameters\FirewallPolicy\FirewallRules - UDP Query User{94171A3F-A2EF-46CC-A9AB-919991609A3B}C:\users\pc\appdata\local\temp\rar$exa4796.22482.rartemp\java-1.8.0-openjdk-1.8.0.452.b09-1.win.jdk.x86_64\bin\rmiregistry.exe
Registry,Firewall Rules,Registry key,HKLM\SYSTEM\ControlSet001\services\SharedAccess\Parameters\FirewallPolicy\FirewallRules - TCP Query User{7AF26D47-26CC-4E31-A992-036779BF4A7E}C:\users\pc\appdata\local\temp\rar$exa4796.9117.rartemp\java-1.8.0-openjdk-1.8.0.452.b09-1.win.jdk.x86_64\bin\rmid.exe
Registry,Firewall Rules,Registry key,HKLM\SYSTEM\ControlSet001\services\SharedAccess\Parameters\FirewallPolicy\FirewallRules - UDP Query User{C7D9AD5D-76EA-4103-AC85-C30430F08AFF}C:\users\pc\appdata\local\temp\rar$exa4796.9117.rartemp\java-1.8.0-openjdk-1.8.0.452.b09-1.win.jdk.x86_64\bin\rmid.exe
Registry,Firewall Rules,Registry key,HKLM\SYSTEM\ControlSet001\services\SharedAccess\Parameters\FirewallPolicy\FirewallRules - TCP Query User{415F563B-F884-45A7-BADB-B58225BFE7C3}C:\users\pc\appdata\local\temp\rar$exa4796.35837.rartemp\java-1.8.0-openjdk-1.8.0.452.b09-1.win.jdk.x86_64\bin\orbd.exe
Registry,Firewall Rules,Registry key,HKLM\SYSTEM\ControlSet001\services\SharedAccess\Parameters\FirewallPolicy\FirewallRules - UDP Query User{6C78D5EC-605B-4540-B4C1-396909C7B104}C:\users\pc\appdata\local\temp\rar$exa4796.35837.rartemp\java-1.8.0-openjdk-1.8.0.452.b09-1.win.jdk.x86_64\bin\orbd.exe
Registry,Firewall Rules,Registry key,HKLM\SYSTEM\ControlSet001\services\SharedAccess\Parameters\FirewallPolicy\FirewallRules - TCP Query User{7D4AB84B-B75C-4A93-ACF3-DD91A348258C}C:\users\pc\appdata\local\temp\rar$exa4796.4228.rartemp\java-1.8.0-openjdk-1.8.0.452.b09-1.win.jdk.x86_64\bin\jrunscript.exe
Registry,Firewall Rules,Registry key,HKLM\SYSTEM\ControlSet001\services\SharedAccess\Parameters\FirewallPolicy\FirewallRules - UDP Query User{27BA42D8-E1F7-473D-A9F2-840796C864B6}C:\users\pc\appdata\local\temp\rar$exa4796.4228.rartemp\java-1.8.0-openjdk-1.8.0.452.b09-1.win.jdk.x86_64\bin\jrunscript.exe
Registry,Firewall Rules,Registry key,HKLM\SYSTEM\ControlSet001\services\SharedAccess\Parameters\FirewallPolicy\FirewallRules - TCP Query User{638348F2-58A6-4D70-9CE5-CAB29269255A}C:\users\pc\appdata\local\temp\rar$exa12244.8190.rartemp\java-1.8.0-openjdk-1.8.0.452.b09-1.win.jdk.x86_64\missioncontrol\jmc.exe
Registry,Firewall Rules,Registry key,HKLM\SYSTEM\ControlSet001\services\SharedAccess\Parameters\FirewallPolicy\FirewallRules - UDP Query User{50B057F9-D978-488E-8098-CC91E9F8FBDE}C:\users\pc\appdata\local\temp\rar$exa12244.8190.rartemp\java-1.8.0-openjdk-1.8.0.452.b09-1.win.jdk.x86_64\missioncontrol\jmc.exe
Registry,Firewall Rules,Registry key,HKLM\SYSTEM\ControlSet001\services\SharedAccess\Parameters\FirewallPolicy\FirewallRules - TCP Query User{42CABF57-062B-431B-AF2D-AAE13B842F93}C:\program files (x86)\922proxy manager\922proxymanager.exe
Registry,Firewall Rules,Registry key,HKLM\SYSTEM\ControlSet001\services\SharedAccess\Parameters\FirewallPolicy\FirewallRules - UDP Query User{DDE7480C-B271-4C07-ADD5-AC847B226F30}C:\program files (x86)\922proxy manager\922proxymanager.exe
Registry,Firewall Rules,Registry key,HKLM\SYSTEM\ControlSet001\services\SharedAccess\Parameters\FirewallPolicy\FirewallRules - TCP Query User{1160D274-68DC-4F60-80A0-66F86CBAAE4B}C:\users\pc\appdata\local\temp\rar$exa5504.49248.rartemp\java-1.8.0-openjdk-1.8.0.452.b09-1.win.jdk.x86_64\missioncontrol\eclipsec.exe
Registry,Firewall Rules,Registry key,HKLM\SYSTEM\ControlSet001\services\SharedAccess\Parameters\FirewallPolicy\FirewallRules - UDP Query User{753E7146-30E2-45FF-BEA5-B90CC2557EF0}C:\users\pc\appdata\local\temp\rar$exa5504.49248.rartemp\java-1.8.0-openjdk-1.8.0.452.b09-1.win.jdk.x86_64\missioncontrol\eclipsec.exe
Registry,Firewall Rules,Registry key,HKLM\SYSTEM\ControlSet001\services\SharedAccess\Parameters\FirewallPolicy\FirewallRules - TCP Query User{2649B501-929F-4388-918A-AD2028C260BF}C:\users\pc\appdata\local\temp\rar$exa5504.684.rartemp\java-1.8.0-openjdk-1.8.0.452.b09-1.win.jdk.x86_64\missioncontrol\eclipsec.exe
Registry,Firewall Rules,Registry key,HKLM\SYSTEM\ControlSet001\services\SharedAccess\Parameters\FirewallPolicy\FirewallRules - UDP Query User{B8779A52-576B-4C16-BDB3-6A2B0363E852}C:\users\pc\appdata\local\temp\rar$exa5504.684.rartemp\java-1.8.0-openjdk-1.8.0.452.b09-1.win.jdk.x86_64\missioncontrol\eclipsec.exe
Registry,Firewall Rules,Registry key,HKLM\SYSTEM\ControlSet001\services\SharedAccess\Parameters\FirewallPolicy\FirewallRules - TCP Query User{0DB64EF2-4392-45E7-A416-01906FCDA068}C:\users\pc\appdata\local\temp\rar$exa5504.11142.rartemp\java-1.8.0-openjdk-1.8.0.452.b09-1.win.jdk.x86_64\missioncontrol\jmc.exe
Registry,Firewall Rules,Registry key,HKLM\SYSTEM\ControlSet001\services\SharedAccess\Parameters\FirewallPolicy\FirewallRules - UDP Query User{899C5594-0CC8-4C45-B39F-50DA49142B46}C:\users\pc\appdata\local\temp\rar$exa5504.11142.rartemp\java-1.8.0-openjdk-1.8.0.452.b09-1.win.jdk.x86_64\missioncontrol\jmc.exe
Registry,Firewall Rules,Registry key,HKLM\SYSTEM\ControlSet001\services\SharedAccess\Parameters\FirewallPolicy\FirewallRules - TCP Query User{A96D8C96-C6F2-415B-86F0-2C02D596B611}C:\users\pc\appdata\local\temp\rar$exa4328.24906.rartemp\java-1.8.0-openjdk-1.8.0.452.b09-1.win.jdk.x86_64\missioncontrol\jmc.exe
Registry,Firewall Rules,Registry key,HKLM\SYSTEM\ControlSet001\services\SharedAccess\Parameters\FirewallPolicy\FirewallRules - UDP Query User{6CEE8AD1-5DEF-491C-98FF-D73B562263E2}C:\users\pc\appdata\local\temp\rar$exa4328.24906.rartemp\java-1.8.0-openjdk-1.8.0.452.b09-1.win.jdk.x86_64\missioncontrol\jmc.exe
Registry,Firewall Rules,Registry key,HKLM\SYSTEM\ControlSet001\services\SharedAccess\Parameters\FirewallPolicy\FirewallRules - TCP Query User{8FC3B0B9-C71F-4A91-A020-CD241D81DB0D}C:\users\pc\appdata\local\temp\rar$exa4328.29538.rartemp\java-1.8.0-openjdk-1.8.0.452.b09-1.win.jdk.x86_64\missioncontrol\jmc.exe
Registry,Firewall Rules,Registry key,HKLM\SYSTEM\ControlSet001\services\SharedAccess\Parameters\FirewallPolicy\FirewallRules - UDP Query User{DD961731-C447-48F6-B4D1-539F8112723C}C:\users\pc\appdata\local\temp\rar$exa4328.29538.rartemp\java-1.8.0-openjdk-1.8.0.452.b09-1.win.jdk.x86_64\missioncontrol\jmc.exe
Registry,Installers,Registry key,HKLM\Software\Microsoft\Windows\CurrentVersion\Uninstall\Steam
Registry,Installers,Registry key,HKLM\Software\Microsoft\Windows\CurrentVersion\Uninstall\Docker Desktop
Registry,Installers,Registry key,HKLM\Software\Microsoft\Windows\CurrentVersion\Uninstall\Steam App 3035570
Registry,Invalid File Extensions,Registry key,HKCR\.db-wal
Registry,Invalid File Extensions,Registry key,HKCR\.fbx
Registry,Invalid File Extensions,Registry key,HKCR\.glb
Registry,Invalid File Extensions,Registry key,HKCR\.gltf
Registry,Invalid File Extensions,Registry key,HKCR\.idb
Registry,Invalid File Extensions,Registry key,HKCR\.lic
Registry,Invalid File Extensions,Registry key,HKCR\.pal
Registry,Invalid File Extensions,Registry key,HKCR\.ply
Registry,Invalid File Extensions,Registry key,HKCR\.resw
Registry,Invalid File Extensions,Registry key,HKCR\.snk
Registry,Invalid File Extensions,Registry key,HKCR\.vsz
Registry,Invalid File Extensions,Registry key,HKCR\.wsb
Registry,Invalid File Extensions,Registry key,HKCU\Software\Microsoft\Windows\CurrentVersion\Explorer\FileExts\.pm
Registry,Invalid File Extensions,Registry key,HKCU\Software\Microsoft\Windows\CurrentVersion\Explorer\FileExts\.tcl
Registry, Missing Shared DLLs,Registry key,HKLM\SOFTWARE\Microsoft\Windows\CurrentVersion\SharedDlls - C:\Windows\Microsoft.NET\Framework\v1.0.3705\wminet_utils.dll
Registry, Missing Shared DLLs,Registry key,HKLM\SOFTWARE\Microsoft\Windows\CurrentVersion\SharedDlls - C:\Windows\Microsoft.NET\Framework\v1.0.3705\vsavb7rt.dll
Registry, Missing Shared DLLs,Registry key,HKLM\SOFTWARE\Microsoft\Windows\CurrentVersion\SharedDlls - C:\Windows\Microsoft.NET\Framework\v1.0.3705\system.enterpriseservices.dll
Registry, Missing Shared DLLs,Registry key,HKLM\SOFTWARE\Microsoft\Windows\CurrentVersion\SharedDlls - C:\Windows\Microsoft.NET\Framework\v1.0.3705\system.data.dll
Registry, Missing Shared DLLs,Registry key,HKLM\SOFTWARE\Microsoft\Windows\CurrentVersion\SharedDlls - C:\Windows\Microsoft.NET\Framework\v1.0.3705\system.configuration.install.dll
Registry, Missing Shared DLLs,Registry key,HKLM\SOFTWARE\Microsoft\Windows\CurrentVersion\SharedDlls - C:\Windows\Microsoft.NET\Framework\v1.0.3705\mscorsec.dll
Registry, Missing Shared DLLs,Registry key,HKLM\SOFTWARE\Microsoft\Windows\CurrentVersion\SharedDlls - C:\Windows\Microsoft.NET\Framework\v1.0.3705\mscorrc.dll
Registry, Missing Shared DLLs,Registry key,HKLM\SOFTWARE\Microsoft\Windows\CurrentVersion\SharedDlls - C:\Windows\Microsoft.NET\Framework\v1.0.3705\mscordbi.dll
Registry, Missing Shared DLLs,Registry key,HKLM\SOFTWARE\Microsoft\Windows\CurrentVersion\SharedDlls - C:\Windows\Microsoft.NET\Framework\v1.0.3705\microsoft.vsa.vb.codedomprocessor.dll
Registry, Missing Shared DLLs,Registry key,HKLM\SOFTWARE\Microsoft\Windows\CurrentVersion\SharedDlls - C:\Windows\Microsoft.NET\Framework\v1.0.3705\microsoft.jscript.dll
Registry, Missing Shared DLLs,Registry key,HKLM\SOFTWARE\Microsoft\Windows\CurrentVersion\SharedDlls - C:\Windows\Microsoft.NET\Framework\v1.0.3705\iehost.dll
Registry, Missing Shared DLLs,Registry key,HKLM\SOFTWARE\Microsoft\Windows\CurrentVersion\SharedDlls - C:\Windows\Microsoft.NET\Framework\v1.0.3705\diasymreader.dll
Registry, Missing Shared DLLs,Registry key,HKLM\SOFTWARE\Microsoft\Windows\CurrentVersion\SharedDlls - C:\Windows\Microsoft.NET\Framework\v1.1.4322\System.Windows.Forms.tlb
Registry, Missing Shared DLLs,Registry key,HKLM\SOFTWARE\Microsoft\Windows\CurrentVersion\SharedDlls - C:\Windows\Microsoft.NET\Framework\v1.1.4322\System.tlb
Registry, Missing Shared DLLs,Registry key,HKLM\SOFTWARE\Microsoft\Windows\CurrentVersion\SharedDlls - C:\Windows\Microsoft.NET\Framework\v1.1.4322\System.EnterpriseServices.tlb
Registry, Missing Shared DLLs,Registry key,HKLM\SOFTWARE\Microsoft\Windows\CurrentVersion\SharedDlls - C:\Windows\Microsoft.NET\Framework\v1.1.4322\System.Drawing.tlb
Registry, Missing Shared DLLs,Registry key,HKLM\SOFTWARE\Microsoft\Windows\CurrentVersion\SharedDlls - C:\Windows\Microsoft.NET\Framework\v1.1.4322\mscorlib.tlb
Registry, Missing Shared DLLs,Registry key,HKLM\SOFTWARE\Microsoft\Windows\CurrentVersion\SharedDlls - C:\Windows\Microsoft.NET\Framework\v1.1.4322\mscoree.tlb
Registry, Missing Shared DLLs,Registry key,HKLM\SOFTWARE\Microsoft\Windows\CurrentVersion\SharedDlls - C:\Windows\Microsoft.NET\Framework\v1.1.4322\Microsoft.JScript.tlb
Registry, Missing Shared DLLs,Registry key,HKLM\SOFTWARE\Microsoft\Windows\CurrentVersion\SharedDlls - C:\Windows\Microsoft.NET\Framework\v1.0.3705\System.Windows.Forms.tlb
Registry, Missing Shared DLLs,Registry key,HKLM\SOFTWARE\Microsoft\Windows\CurrentVersion\SharedDlls - C:\Windows\Microsoft.NET\Framework\v1.0.3705\System.tlb
Registry, Missing Shared DLLs,Registry key,HKLM\SOFTWARE\Microsoft\Windows\CurrentVersion\SharedDlls - C:\Windows\Microsoft.NET\Framework\v1.0.3705\System.EnterpriseServices.tlb
Registry, Missing Shared DLLs,Registry key,HKLM\SOFTWARE\Microsoft\Windows\CurrentVersion\SharedDlls - C:\Windows\Microsoft.NET\Framework\v1.0.3705\System.Drawing.tlb
Registry, Missing Shared DLLs,Registry key,HKLM\SOFTWARE\Microsoft\Windows\CurrentVersion\SharedDlls - C:\Windows\Microsoft.NET\Framework\v1.0.3705\mscorlib.tlb
Registry, Missing Shared DLLs,Registry key,HKLM\SOFTWARE\Microsoft\Windows\CurrentVersion\SharedDlls - C:\Windows\Microsoft.NET\Framework\v1.0.3705\mscoree.tlb
Registry, Missing Shared DLLs,Registry key,HKLM\SOFTWARE\Microsoft\Windows\CurrentVersion\SharedDlls - C:\Windows\Microsoft.NET\Framework\v1.0.3705\Microsoft.JScript.tlb
Registry,Open with Application,Registry key,HKCR\Applications\provtool.exe\shell\open
Registry,Run At Startup,Registry key,HKLM\SOFTWARE\Microsoft\Windows\CurrentVersion\Run - 
Registry,Windows Services,Registry key,HKLM\SYSTEM\CurrentControlSet\services\com.docker.service
Applications,Telegram,File,C:\Users\pc\AppData\Roaming\Telegram Desktop\tdata\user_data\media_cache\version,4
Applications,Telegram,File,C:\Users\pc\AppData\Roaming\Telegram Desktop\tdata\user_data\media_cache\0\49\228D5F24424E,2288756
Applications,Telegram,File,C:\Users\pc\AppData\Roaming\Telegram Desktop\tdata\user_data\media_cache\0\49\A4CD1F49B750,1442004
Applications,Telegram,File,C:\Users\pc\AppData\Roaming\Telegram Desktop\tdata\user_data\media_cache\0\3D\E3F7C5CD64C3,126356
Applications,Telegram,File,C:\Users\pc\AppData\Roaming\Telegram Desktop\tdata\user_data\media_cache\0\3A\16C3E7F5F68C,262292
Applications,Telegram,File,C:\Users\pc\AppData\Roaming\Telegram Desktop\tdata\user_data\media_cache\0\39\05D5E9C524FA,786612
Applications,Telegram,File,C:\Users\pc\AppData\Roaming\Telegram Desktop\tdata\user_data\media_cache\0\38\A58BF391241E,1310932
Applications,Telegram,File,C:\Users\pc\AppData\Roaming\Telegram Desktop\tdata\user_data\media_cache\0\35\39E0A5AA5153,917684
Applications,Telegram,File,C:\Users\pc\AppData\Roaming\Telegram Desktop\tdata\user_data\media_cache\0\35\E61C38CDD083,92324
Applications,Telegram,File,C:\Users\pc\AppData\Roaming\Telegram Desktop\tdata\user_data\media_cache\0\30\7EA27E4FF443,80740
Applications,Telegram,File,C:\Users\pc\AppData\Roaming\Telegram Desktop\tdata\user_data\media_cache\0\30\E8E15940F622,139732
Applications,Telegram,File,C:\Users\pc\AppData\Roaming\Telegram Desktop\tdata\user_data\media_cache\0\27\61538272F879,4194692
Applications,Telegram,File,C:\Users\pc\AppData\Roaming\Telegram Desktop\tdata\user_data\media_cache\0\27\E89BA37FF550,786612
Applications,Telegram,File,C:\Users\pc\AppData\Roaming\Telegram Desktop\tdata\user_data\media_cache\0\23\54E9F369F662,524452
Applications,Telegram,File,C:\Users\pc\AppData\Roaming\Telegram Desktop\tdata\user_data\media_cache\0\22\0ED4230B23E1,155588
Applications,Telegram,File,C:\Users\pc\AppData\Roaming\Telegram Desktop\tdata\user_data\media_cache\0\1B\FF491D1CE676,655524
Applications,Telegram,File,C:\Users\pc\AppData\Roaming\Telegram Desktop\tdata\user_data\media_cache\0\17\67F2C7D9E817,2615892
Applications,Telegram,File,C:\Users\pc\AppData\Roaming\Telegram Desktop\tdata\user_data\media_cache\0\15\EDFA372E1C24,1048772
Applications,Telegram,File,C:\Users\pc\AppData\Roaming\Telegram Desktop\tdata\user_data\media_cache\0\0E\FBD505738607,112964
Applications,Telegram,File,C:\Users\pc\AppData\Roaming\Telegram Desktop\tdata\user_data\media_cache\0\0B\60AE9B213DF3,1048772
Applications,Telegram,File,C:\Users\pc\AppData\Roaming\Telegram Desktop\tdata\user_data\media_cache\0\03\AED755EF84A9,1053172
Applications,Telegram,File,C:\Users\pc\AppData\Roaming\Telegram Desktop\tdata\user_data\media_cache\0\80\2474689C6B9C,3156
Applications,Telegram,File,C:\Users\pc\AppData\Roaming\Telegram Desktop\tdata\user_data\media_cache\0\80\E25B391100C5,655524
Applications,Telegram,File,C:\Users\pc\AppData\Roaming\Telegram Desktop\tdata\user_data\media_cache\0\7F\D094643EB724,122308
Applications,Telegram,File,C:\Users\pc\AppData\Roaming\Telegram Desktop\tdata\user_data\media_cache\0\7D\4D47D361D838,655524
Applications,Telegram,File,C:\Users\pc\AppData\Roaming\Telegram Desktop\tdata\user_data\media_cache\0\79\2B463155D47F,131284
Applications,Telegram,File,C:\Users\pc\AppData\Roaming\Telegram Desktop\tdata\user_data\media_cache\0\76\0CBFE9B41CD8,655524
Applications,Telegram,File,C:\Users\pc\AppData\Roaming\Telegram Desktop\tdata\user_data\media_cache\0\6F\2B56C5D09E33,131220
Applications,Telegram,File,C:\Users\pc\AppData\Roaming\Telegram Desktop\tdata\user_data\media_cache\0\6E\133897344E53,655524
Applications,Telegram,File,C:\Users\pc\AppData\Roaming\Telegram Desktop\tdata\user_data\media_cache\0\6D\9A71F0A8021C,2020
Applications,Telegram,File,C:\Users\pc\AppData\Roaming\Telegram Desktop\tdata\user_data\media_cache\0\6D\ED904045062F,917684
Applications,Telegram,File,C:\Users\pc\AppData\Roaming\Telegram Desktop\tdata\user_data\media_cache\0\6C\0D24EE6966E9,102340
Applications,Telegram,File,C:\Users\pc\AppData\Roaming\Telegram Desktop\tdata\user_data\media_cache\0\69\CCE8A6006986,64516
Applications,Telegram,File,C:\Users\pc\AppData\Roaming\Telegram Desktop\tdata\user_data\media_cache\0\67\B45DCFECFE95,655524
Applications,Telegram,File,C:\Users\pc\AppData\Roaming\Telegram Desktop\tdata\user_data\media_cache\0\63\10F2AEA2D987,4196
Applications,Telegram,File,C:\Users\pc\AppData\Roaming\Telegram Desktop\tdata\user_data\media_cache\0\62\A3151C0E6CDE,524452
Applications,Telegram,File,C:\Users\pc\AppData\Roaming\Telegram Desktop\tdata\user_data\media_cache\0\61\222A1B4D975C,4194692
Applications,Telegram,File,C:\Users\pc\AppData\Roaming\Telegram Desktop\tdata\user_data\media_cache\0\5E\C9CA26C67B9F,153172
Applications,Telegram,File,C:\Users\pc\AppData\Roaming\Telegram Desktop\tdata\user_data\media_cache\0\59\33CBBE344B4E,1048772
Applications,Telegram,File,C:\Users\pc\AppData\Roaming\Telegram Desktop\tdata\user_data\media_cache\0\4C\7FC67EC283C7,655524
Applications,Telegram,File,C:\Users\pc\AppData\Roaming\Telegram Desktop\tdata\user_data\media_cache\0\4A\67271742C6CC,262292
Applications,Telegram,File,C:\Users\pc\AppData\Roaming\Telegram Desktop\tdata\user_data\media_cache\0\4A\CFE0DDE8203F,141828
Applications,Telegram,File,C:\Users\pc\AppData\Roaming\Telegram Desktop\tdata\user_data\media_cache\0\binlog,5316
Applications,Telegram,File,C:\Users\pc\AppData\Roaming\Telegram Desktop\tdata\user_data\media_cache\0\C2\E4A203185A0C,35652
Applications,Telegram,File,C:\Users\pc\AppData\Roaming\Telegram Desktop\tdata\user_data\media_cache\0\C1\644E4CAA4E42,655524
Applications,Telegram,File,C:\Users\pc\AppData\Roaming\Telegram Desktop\tdata\user_data\media_cache\0\BB\662930A07FB2,182260
Applications,Telegram,File,C:\Users\pc\AppData\Roaming\Telegram Desktop\tdata\user_data\media_cache\0\B2\4EB96B7F3C1F,3044
Applications,Telegram,File,C:\Users\pc\AppData\Roaming\Telegram Desktop\tdata\user_data\media_cache\0\AA\38089F112162,393364
Applications,Telegram,File,C:\Users\pc\AppData\Roaming\Telegram Desktop\tdata\user_data\media_cache\0\A9\E6D08FA02CFA,22852
Applications,Telegram,File,C:\Users\pc\AppData\Roaming\Telegram Desktop\tdata\user_data\media_cache\0\A8\0CC586F31210,786612
Applications,Telegram,File,C:\Users\pc\AppData\Roaming\Telegram Desktop\tdata\user_data\media_cache\0\A6\5DA7AC33C927,262292
Applications,Telegram,File,C:\Users\pc\AppData\Roaming\Telegram Desktop\tdata\user_data\media_cache\0\A2\9E7A8416E882,2533316
Applications,Telegram,File,C:\Users\pc\AppData\Roaming\Telegram Desktop\tdata\user_data\media_cache\0\9E\52FD130EEF95,2845428
Applications,Telegram,File,C:\Users\pc\AppData\Roaming\Telegram Desktop\tdata\user_data\media_cache\0\9B\F71E1F228B1B,136916
Applications,Telegram,File,C:\Users\pc\AppData\Roaming\Telegram Desktop\tdata\user_data\media_cache\0\94\C234B980567F,114324
Applications,Telegram,File,C:\Users\pc\AppData\Roaming\Telegram Desktop\tdata\user_data\media_cache\0\8F\EB9C95254300,137428
Applications,Telegram,File,C:\Users\pc\AppData\Roaming\Telegram Desktop\tdata\user_data\media_cache\0\8E\1D576D7F368E,4194692
Applications,Telegram,File,C:\Users\pc\AppData\Roaming\Telegram Desktop\tdata\user_data\media_cache\0\87\13F87037A09D,122004
Applications,Telegram,File,C:\Users\pc\AppData\Roaming\Telegram Desktop\tdata\user_data\media_cache\0\86\73AEB1A799F6,393364
Applications,Telegram,File,C:\Users\pc\AppData\Roaming\Telegram Desktop\tdata\user_data\media_cache\0\83\1A405616AD1F,524452
Applications,Telegram,File,C:\Users\pc\AppData\Roaming\Telegram Desktop\tdata\user_data\media_cache\0\FE\389CF742987E,1048772
Applications,Telegram,File,C:\Users\pc\AppData\Roaming\Telegram Desktop\tdata\user_data\media_cache\0\FA\6998CFAF3E0C,262292
Applications,Telegram,File,C:\Users\pc\AppData\Roaming\Telegram Desktop\tdata\user_data\media_cache\0\F3\A707FC75C3E9,655524
Applications,Telegram,File,C:\Users\pc\AppData\Roaming\Telegram Desktop\tdata\user_data\media_cache\0\ED\410FB0A87623,145764
Applications,Telegram,File,C:\Users\pc\AppData\Roaming\Telegram Desktop\tdata\user_data\media_cache\0\EC\D8E2F97B5BEC,786612
Applications,Telegram,File,C:\Users\pc\AppData\Roaming\Telegram Desktop\tdata\user_data\media_cache\0\EB\E26EC3800BA2,4484
Applications,Telegram,File,C:\Users\pc\AppData\Roaming\Telegram Desktop\tdata\user_data\media_cache\0\E9\778566C97663,82836
Applications,Telegram,File,C:\Users\pc\AppData\Roaming\Telegram Desktop\tdata\user_data\media_cache\0\E5\8F90263C17DD,101412
Applications,Telegram,File,C:\Users\pc\AppData\Roaming\Telegram Desktop\tdata\user_data\media_cache\0\E5\E905BF70A3AC,393364
Applications,Telegram,File,C:\Users\pc\AppData\Roaming\Telegram Desktop\tdata\user_data\media_cache\0\E5\EAB3AAC94F12,917684
Applications,Telegram,File,C:\Users\pc\AppData\Roaming\Telegram Desktop\tdata\user_data\media_cache\0\E4\244A591C74FC,262292
Applications,Telegram,File,C:\Users\pc\AppData\Roaming\Telegram Desktop\tdata\user_data\media_cache\0\E3\B2E3E604BC66,655524
Applications,Telegram,File,C:\Users\pc\AppData\Roaming\Telegram Desktop\tdata\user_data\media_cache\0\D8\DA88F7260686,129428
Applications,Telegram,File,C:\Users\pc\AppData\Roaming\Telegram Desktop\tdata\user_data\media_cache\0\D6\B526A171EC07,105220
Applications,Telegram,File,C:\Users\pc\AppData\Roaming\Telegram Desktop\tdata\user_data\media_cache\0\D5\E26A8C3A21EB,786612
Applications,Telegram,File,C:\Users\pc\AppData\Roaming\Telegram Desktop\tdata\user_data\media_cache\0\D2\1A4D422BA740,4194692
Applications,Telegram,File,C:\Users\pc\AppData\Roaming\Telegram Desktop\tdata\user_data\media_cache\0\CA\A00529648F36,1310932
Applications,Telegram,File,C:\Users\pc\AppData\Roaming\Telegram Desktop\tdata\user_data\media_cache\0\CA\BE218A553F82,4194692
Applications,Telegram,File,C:\Users\pc\AppData\Roaming\Telegram Desktop\tdata\user_data\media_cache\0\C9\11662250D4E0,153300
Applications,Telegram,File,C:\Users\pc\AppData\Roaming\Telegram Desktop\tdata\user_data\media_cache\0\C8\1638B3A2D58B,151092
Applications,Telegram,File,C:\Users\pc\AppData\Roaming\Telegram Desktop\tdata\user_data\cache\version,4
Applications,Telegram,File,C:\Users\pc\AppData\Roaming\Telegram Desktop\tdata\user_data\cache\0\10\43474EDA4008,15012
Applications,Telegram,File,C:\Users\pc\AppData\Roaming\Telegram Desktop\tdata\user_data\cache\0\10\C2CBA5B9AB99,11460
Applications,Telegram,File,C:\Users\pc\AppData\Roaming\Telegram Desktop\tdata\user_data\cache\0\10\C37270479A23,17764
Applications,Telegram,File,C:\Users\pc\AppData\Roaming\Telegram Desktop\tdata\user_data\cache\0\10\CCC9716A8B9E,131204
Applications,Telegram,File,C:\Users\pc\AppData\Roaming\Telegram Desktop\tdata\user_data\cache\0\10\FDF5709CE66F,7940
Applications,Telegram,File,C:\Users\pc\AppData\Roaming\Telegram Desktop\tdata\user_data\cache\0\0F\21A5992FCD26,15604
Applications,Telegram,File,C:\Users\pc\AppData\Roaming\Telegram Desktop\tdata\user_data\cache\0\0F\62DDB17AC2CA,14596
Applications,Telegram,File,C:\Users\pc\AppData\Roaming\Telegram Desktop\tdata\user_data\cache\0\0F\6A22D62773D7,131204
Applications,Telegram,File,C:\Users\pc\AppData\Roaming\Telegram Desktop\tdata\user_data\cache\0\0F\97570290D7BF,127076
Applications,Telegram,File,C:\Users\pc\AppData\Roaming\Telegram Desktop\tdata\user_data\cache\0\0F\A45E72368EBD,22164
Applications,Telegram,File,C:\Users\pc\AppData\Roaming\Telegram Desktop\tdata\user_data\cache\0\0E\A1CCB3FA5AE7,44660
Applications,Telegram,File,C:\Users\pc\AppData\Roaming\Telegram Desktop\tdata\user_data\cache\0\0E\A8BD58626219,7028
Applications,Telegram,File,C:\Users\pc\AppData\Roaming\Telegram Desktop\tdata\user_data\cache\0\0E\C6A81CE13C6B,5252
Applications,Telegram,File,C:\Users\pc\AppData\Roaming\Telegram Desktop\tdata\user_data\cache\0\0D\51DB1BC122CF,97748
Applications,Telegram,File,C:\Users\pc\AppData\Roaming\Telegram Desktop\tdata\user_data\cache\0\0D\CFA2015A83B3,17940
Applications,Telegram,File,C:\Users\pc\AppData\Roaming\Telegram Desktop\tdata\user_data\cache\0\0C\51ABE5AC91EC,8532
Applications,Telegram,File,C:\Users\pc\AppData\Roaming\Telegram Desktop\tdata\user_data\cache\0\0C\923A605B94F5,9924
Applications,Telegram,File,C:\Users\pc\AppData\Roaming\Telegram Desktop\tdata\user_data\cache\0\0B\20F8C97D99E5,96820
Applications,Telegram,File,C:\Users\pc\AppData\Roaming\Telegram Desktop\tdata\user_data\cache\0\0B\5FDFBD3C8621,7508
Applications,Telegram,File,C:\Users\pc\AppData\Roaming\Telegram Desktop\tdata\user_data\cache\0\0B\63EFF12AF3E5,11380
Applications,Telegram,File,C:\Users\pc\AppData\Roaming\Telegram Desktop\tdata\user_data\cache\0\0B\81467CBE128A,14212
Applications,Telegram,File,C:\Users\pc\AppData\Roaming\Telegram Desktop\tdata\user_data\cache\0\0B\8EC9AA892675,23748
Applications,Telegram,File,C:\Users\pc\AppData\Roaming\Telegram Desktop\tdata\user_data\cache\0\0B\B32F2BA00ADB,45764
Applications,Telegram,File,C:\Users\pc\AppData\Roaming\Telegram Desktop\tdata\user_data\cache\0\0A\36B7584E7223,131204
Applications,Telegram,File,C:\Users\pc\AppData\Roaming\Telegram Desktop\tdata\user_data\cache\0\0A\56F517610CCD,97316
Applications,Telegram,File,C:\Users\pc\AppData\Roaming\Telegram Desktop\tdata\user_data\cache\0\09\7D3AE804E426,14356
Applications,Telegram,File,C:\Users\pc\AppData\Roaming\Telegram Desktop\tdata\user_data\cache\0\09\81A7BC69A395,102020
Applications,Telegram,File,C:\Users\pc\AppData\Roaming\Telegram Desktop\tdata\user_data\cache\0\09\9B9BA397A5EE,57284
Applications,Telegram,File,C:\Users\pc\AppData\Roaming\Telegram Desktop\tdata\user_data\cache\0\08\43BFFF390B61,56404
Applications,Telegram,File,C:\Users\pc\AppData\Roaming\Telegram Desktop\tdata\user_data\cache\0\08\84E3C9A5FD4C,8036
Applications,Telegram,File,C:\Users\pc\AppData\Roaming\Telegram Desktop\tdata\user_data\cache\0\07\70BC88F165A0,112724
Applications,Telegram,File,C:\Users\pc\AppData\Roaming\Telegram Desktop\tdata\user_data\cache\0\07\8C23BDE56917,18020
Applications,Telegram,File,C:\Users\pc\AppData\Roaming\Telegram Desktop\tdata\user_data\cache\0\05\57335375B1FC,199428
Applications,Telegram,File,C:\Users\pc\AppData\Roaming\Telegram Desktop\tdata\user_data\cache\0\05\69FFFC5F4D50,8772
Applications,Telegram,File,C:\Users\pc\AppData\Roaming\Telegram Desktop\tdata\user_data\cache\0\05\E41DF5450A06,8612
Applications,Telegram,File,C:\Users\pc\AppData\Roaming\Telegram Desktop\tdata\user_data\cache\0\04\00ACC1B058A5,2980
Applications,Telegram,File,C:\Users\pc\AppData\Roaming\Telegram Desktop\tdata\user_data\cache\0\04\22E29D88A246,33076
Applications,Telegram,File,C:\Users\pc\AppData\Roaming\Telegram Desktop\tdata\user_data\cache\0\04\C2AD0D8E9E27,9508
Applications,Telegram,File,C:\Users\pc\AppData\Roaming\Telegram Desktop\tdata\user_data\cache\0\04\CEF016A5DE9C,10772
Applications,Telegram,File,C:\Users\pc\AppData\Roaming\Telegram Desktop\tdata\user_data\cache\0\03\89F0BF040871,16180
Applications,Telegram,File,C:\Users\pc\AppData\Roaming\Telegram Desktop\tdata\user_data\cache\0\03\9A160BB8918B,25876
Applications,Telegram,File,C:\Users\pc\AppData\Roaming\Telegram Desktop\tdata\user_data\cache\0\03\AC46528D24BF,8196
Applications,Telegram,File,C:\Users\pc\AppData\Roaming\Telegram Desktop\tdata\user_data\cache\0\03\B926EFEDFD03,65156
Applications,Telegram,File,C:\Users\pc\AppData\Roaming\Telegram Desktop\tdata\user_data\cache\0\02\AD67D197F9C3,11060
Applications,Telegram,File,C:\Users\pc\AppData\Roaming\Telegram Desktop\tdata\user_data\cache\0\01\068076C74E45,9956
Applications,Telegram,File,C:\Users\pc\AppData\Roaming\Telegram Desktop\tdata\user_data\cache\0\01\0D383F49F51D,18996
Applications,Telegram,File,C:\Users\pc\AppData\Roaming\Telegram Desktop\tdata\user_data\cache\0\01\DD5EECE3EEA6,40612
Applications,Telegram,File,C:\Users\pc\AppData\Roaming\Telegram Desktop\tdata\user_data\cache\0\01\E0F20175D8E8,7556
Applications,Telegram,File,C:\Users\pc\AppData\Roaming\Telegram Desktop\tdata\user_data\cache\0\00\E300D3E40D46,10724
Applications,Telegram,File,C:\Users\pc\AppData\Roaming\Telegram Desktop\tdata\user_data\cache\0\00\FE4832ECB7C2,6980
Applications,Telegram,File,C:\Users\pc\AppData\Roaming\Telegram Desktop\tdata\user_data\cache\0\23\5078BD1E3D82,27748
Applications,Telegram,File,C:\Users\pc\AppData\Roaming\Telegram Desktop\tdata\user_data\cache\0\22\D6E4609EC397,14468
Applications,Telegram,File,C:\Users\pc\AppData\Roaming\Telegram Desktop\tdata\user_data\cache\0\21\DC36AAF18F26,8932
Applications,Telegram,File,C:\Users\pc\AppData\Roaming\Telegram Desktop\tdata\user_data\cache\0\20\F4987844C82C,7572
Applications,Telegram,File,C:\Users\pc\AppData\Roaming\Telegram Desktop\tdata\user_data\cache\0\20\F7CC6B1B12EB,48052
Applications,Telegram,File,C:\Users\pc\AppData\Roaming\Telegram Desktop\tdata\user_data\cache\0\1F\01B55010CEC4,113572
Applications,Telegram,File,C:\Users\pc\AppData\Roaming\Telegram Desktop\tdata\user_data\cache\0\1F\66DBAB6E68FE,9844
Applications,Telegram,File,C:\Users\pc\AppData\Roaming\Telegram Desktop\tdata\user_data\cache\0\1F\79F0304849F4,10308
Applications,Telegram,File,C:\Users\pc\AppData\Roaming\Telegram Desktop\tdata\user_data\cache\0\1F\C96B8E88E6B2,4372
Applications,Telegram,File,C:\Users\pc\AppData\Roaming\Telegram Desktop\tdata\user_data\cache\0\1F\F15BA09F60EF,10196
Applications,Telegram,File,C:\Users\pc\AppData\Roaming\Telegram Desktop\tdata\user_data\cache\0\1E\7777A9221E7C,18548
Applications,Telegram,File,C:\Users\pc\AppData\Roaming\Telegram Desktop\tdata\user_data\cache\0\1D\1D982D309036,8548
Applications,Telegram,File,C:\Users\pc\AppData\Roaming\Telegram Desktop\tdata\user_data\cache\0\1D\F0120022AB5C,74292
Applications,Telegram,File,C:\Users\pc\AppData\Roaming\Telegram Desktop\tdata\user_data\cache\0\1C\46D933217650,8196
Applications,Telegram,File,C:\Users\pc\AppData\Roaming\Telegram Desktop\tdata\user_data\cache\0\1B\1410B7D64628,11924
Applications,Telegram,File,C:\Users\pc\AppData\Roaming\Telegram Desktop\tdata\user_data\cache\0\1B\598529DB0E73,23492
Applications,Telegram,File,C:\Users\pc\AppData\Roaming\Telegram Desktop\tdata\user_data\cache\0\1B\FA5AEA9D73FA,38436
Applications,Telegram,File,C:\Users\pc\AppData\Roaming\Telegram Desktop\tdata\user_data\cache\0\1A\7644ACE5817E,91172
Applications,Telegram,File,C:\Users\pc\AppData\Roaming\Telegram Desktop\tdata\user_data\cache\0\1A\C768E6CC75E6,12964
Applications,Telegram,File,C:\Users\pc\AppData\Roaming\Telegram Desktop\tdata\user_data\cache\0\1A\F26C3F520C6A,22196
Applications,Telegram,File,C:\Users\pc\AppData\Roaming\Telegram Desktop\tdata\user_data\cache\0\18\4D0B4DEF3147,14884
Applications,Telegram,File,C:\Users\pc\AppData\Roaming\Telegram Desktop\tdata\user_data\cache\0\18\CF79C60003ED,5940
Applications,Telegram,File,C:\Users\pc\AppData\Roaming\Telegram Desktop\tdata\user_data\cache\0\17\F03F42CEA1D4,9812
Applications,Telegram,File,C:\Users\pc\AppData\Roaming\Telegram Desktop\tdata\user_data\cache\0\16\768F7ED7DB31,4788
Applications,Telegram,File,C:\Users\pc\AppData\Roaming\Telegram Desktop\tdata\user_data\cache\0\16\8B76CA8D77A6,11252
Applications,Telegram,File,C:\Users\pc\AppData\Roaming\Telegram Desktop\tdata\user_data\cache\0\15\6AF3BD4EF512,33300
Applications,Telegram,File,C:\Users\pc\AppData\Roaming\Telegram Desktop\tdata\user_data\cache\0\14\7BEFE2FF589C,5924
Applications,Telegram,File,C:\Users\pc\AppData\Roaming\Telegram Desktop\tdata\user_data\cache\0\14\9419BFB5B0F2,12180
Applications,Telegram,File,C:\Users\pc\AppData\Roaming\Telegram Desktop\tdata\user_data\cache\0\13\6FBADDA134A3,6372
Applications,Telegram,File,C:\Users\pc\AppData\Roaming\Telegram Desktop\tdata\user_data\cache\0\13\C85522A2CF00,19940
Applications,Telegram,File,C:\Users\pc\AppData\Roaming\Telegram Desktop\tdata\user_data\cache\0\12\19F260384998,10340
Applications,Telegram,File,C:\Users\pc\AppData\Roaming\Telegram Desktop\tdata\user_data\cache\0\11\01E8C1D41E8F,92996
Applications,Telegram,File,C:\Users\pc\AppData\Roaming\Telegram Desktop\tdata\user_data\cache\0\11\F2DCDD531338,11172
Applications,Telegram,File,C:\Users\pc\AppData\Roaming\Telegram Desktop\tdata\user_data\cache\0\11\FFD4C6755D63,39652
Applications,Telegram,File,C:\Users\pc\AppData\Roaming\Telegram Desktop\tdata\user_data\cache\0\37\465415389C09,8740
Applications,Telegram,File,C:\Users\pc\AppData\Roaming\Telegram Desktop\tdata\user_data\cache\0\37\71AD7E63D498,13764
Applications,Telegram,File,C:\Users\pc\AppData\Roaming\Telegram Desktop\tdata\user_data\cache\0\37\793DD89BF5CF,13156
Applications,Telegram,File,C:\Users\pc\AppData\Roaming\Telegram Desktop\tdata\user_data\cache\0\37\96B0DBC31A72,26164
Applications,Telegram,File,C:\Users\pc\AppData\Roaming\Telegram Desktop\tdata\user_data\cache\0\37\981819024B21,33844
Applications,Telegram,File,C:\Users\pc\AppData\Roaming\Telegram Desktop\tdata\user_data\cache\0\37\C6E8F7D2CED3,10100
Applications,Telegram,File,C:\Users\pc\AppData\Roaming\Telegram Desktop\tdata\user_data\cache\0\35\5D1BD60E536C,62356
Applications,Telegram,File,C:\Users\pc\AppData\Roaming\Telegram Desktop\tdata\user_data\cache\0\35\A92CD9A70E3D,131204
Applications,Telegram,File,C:\Users\pc\AppData\Roaming\Telegram Desktop\tdata\user_data\cache\0\34\E3AA3CF26A51,36644
Applications,Telegram,File,C:\Users\pc\AppData\Roaming\Telegram Desktop\tdata\user_data\cache\0\33\7A1121E45730,44100
Applications,Telegram,File,C:\Users\pc\AppData\Roaming\Telegram Desktop\tdata\user_data\cache\0\33\9B1EE5262533,40484
Applications,Telegram,File,C:\Users\pc\AppData\Roaming\Telegram Desktop\tdata\user_data\cache\0\33\AB17CD07899F,166500
Applications,Telegram,File,C:\Users\pc\AppData\Roaming\Telegram Desktop\tdata\user_data\cache\0\33\DE48831CCBA8,2244
Applications,Telegram,File,C:\Users\pc\AppData\Roaming\Telegram Desktop\tdata\user_data\cache\0\32\965513F7ECF7,12916
Applications,Telegram,File,C:\Users\pc\AppData\Roaming\Telegram Desktop\tdata\user_data\cache\0\31\1B7175B9499D,3908
Applications,Telegram,File,C:\Users\pc\AppData\Roaming\Telegram Desktop\tdata\user_data\cache\0\31\552014808DA2,122228
Applications,Telegram,File,C:\Users\pc\AppData\Roaming\Telegram Desktop\tdata\user_data\cache\0\31\DC10171902A5,100420
Applications,Telegram,File,C:\Users\pc\AppData\Roaming\Telegram Desktop\tdata\user_data\cache\0\31\E0467184C466,24116
Applications,Telegram,File,C:\Users\pc\AppData\Roaming\Telegram Desktop\tdata\user_data\cache\0\30\5FFFA32E0B2A,238308
Applications,Telegram,File,C:\Users\pc\AppData\Roaming\Telegram Desktop\tdata\user_data\cache\0\30\EE306DF033E6,10884
Applications,Telegram,File,C:\Users\pc\AppData\Roaming\Telegram Desktop\tdata\user_data\cache\0\2F\30D65621E8B4,6340
Applications,Telegram,File,C:\Users\pc\AppData\Roaming\Telegram Desktop\tdata\user_data\cache\0\2F\3E3B16EF01E4,7876
Applications,Telegram,File,C:\Users\pc\AppData\Roaming\Telegram Desktop\tdata\user_data\cache\0\2F\43958A543BBA,11092
Applications,Telegram,File,C:\Users\pc\AppData\Roaming\Telegram Desktop\tdata\user_data\cache\0\2F\989A4C071C8A,10900
Applications,Telegram,File,C:\Users\pc\AppData\Roaming\Telegram Desktop\tdata\user_data\cache\0\2E\2851CCB250E3,25700
Applications,Telegram,File,C:\Users\pc\AppData\Roaming\Telegram Desktop\tdata\user_data\cache\0\2D\BD95BA57AFDB,102020
Applications,Telegram,File,C:\Users\pc\AppData\Roaming\Telegram Desktop\tdata\user_data\cache\0\2D\D6FCB077B333,84356
Applications,Telegram,File,C:\Users\pc\AppData\Roaming\Telegram Desktop\tdata\user_data\cache\0\2C\2BFDD7E3A9A5,31636
Applications,Telegram,File,C:\Users\pc\AppData\Roaming\Telegram Desktop\tdata\user_data\cache\0\2C\E8373316A34D,6644
Applications,Telegram,File,C:\Users\pc\AppData\Roaming\Telegram Desktop\tdata\user_data\cache\0\2B\4044EDF05B81,4420
Applications,Telegram,File,C:\Users\pc\AppData\Roaming\Telegram Desktop\tdata\user_data\cache\0\2B\7E6A882F38E0,18116
Applications,Telegram,File,C:\Users\pc\AppData\Roaming\Telegram Desktop\tdata\user_data\cache\0\2B\8645724815A8,6724
Applications,Telegram,File,C:\Users\pc\AppData\Roaming\Telegram Desktop\tdata\user_data\cache\0\2A\42DE67ECAC42,7876
Applications,Telegram,File,C:\Users\pc\AppData\Roaming\Telegram Desktop\tdata\user_data\cache\0\2A\6CB2F78F7E6F,1236
Applications,Telegram,File,C:\Users\pc\AppData\Roaming\Telegram Desktop\tdata\user_data\cache\0\2A\9D36213D8A03,13332
Applications,Telegram,File,C:\Users\pc\AppData\Roaming\Telegram Desktop\tdata\user_data\cache\0\2A\D4AA605A693C,5748
Applications,Telegram,File,C:\Users\pc\AppData\Roaming\Telegram Desktop\tdata\user_data\cache\0\29\BD836EC8C29D,5572
Applications,Telegram,File,C:\Users\pc\AppData\Roaming\Telegram Desktop\tdata\user_data\cache\0\29\F3723F7725C7,8996
Applications,Telegram,File,C:\Users\pc\AppData\Roaming\Telegram Desktop\tdata\user_data\cache\0\28\0FC4E7B8DAC6,1076
Applications,Telegram,File,C:\Users\pc\AppData\Roaming\Telegram Desktop\tdata\user_data\cache\0\28\C13A11B37C29,38244
Applications,Telegram,File,C:\Users\pc\AppData\Roaming\Telegram Desktop\tdata\user_data\cache\0\28\FB4A72A31B10,10516
Applications,Telegram,File,C:\Users\pc\AppData\Roaming\Telegram Desktop\tdata\user_data\cache\0\27\0D9C34265962,10516
Applications,Telegram,File,C:\Users\pc\AppData\Roaming\Telegram Desktop\tdata\user_data\cache\0\27\D75B6CBAC580,40484
Applications,Telegram,File,C:\Users\pc\AppData\Roaming\Telegram Desktop\tdata\user_data\cache\0\26\00F52F4AA936,5156
Applications,Telegram,File,C:\Users\pc\AppData\Roaming\Telegram Desktop\tdata\user_data\cache\0\26\B663AD47C4BE,112292
Applications,Telegram,File,C:\Users\pc\AppData\Roaming\Telegram Desktop\tdata\user_data\cache\0\25\62E5EF868BDD,8084
Applications,Telegram,File,C:\Users\pc\AppData\Roaming\Telegram Desktop\tdata\user_data\cache\0\4B\CF299FA23423,11316
Applications,Telegram,File,C:\Users\pc\AppData\Roaming\Telegram Desktop\tdata\user_data\cache\0\4A\8377B844CD5A,88436
Applications,Telegram,File,C:\Users\pc\AppData\Roaming\Telegram Desktop\tdata\user_data\cache\0\49\DD7C07728597,4948
Applications,Telegram,File,C:\Users\pc\AppData\Roaming\Telegram Desktop\tdata\user_data\cache\0\47\5B0B347A2204,2276
Applications,Telegram,File,C:\Users\pc\AppData\Roaming\Telegram Desktop\tdata\user_data\cache\0\47\9AA08F8AF9BF,10612
Applications,Telegram,File,C:\Users\pc\AppData\Roaming\Telegram Desktop\tdata\user_data\cache\0\46\AF839B698DBD,16788
Applications,Telegram,File,C:\Users\pc\AppData\Roaming\Telegram Desktop\tdata\user_data\cache\0\46\D5736288FC6A,6596
Applications,Telegram,File,C:\Users\pc\AppData\Roaming\Telegram Desktop\tdata\user_data\cache\0\46\F50BDEA51194,121380
Applications,Telegram,File,C:\Users\pc\AppData\Roaming\Telegram Desktop\tdata\user_data\cache\0\45\5B138EC399A1,11796
Applications,Telegram,File,C:\Users\pc\AppData\Roaming\Telegram Desktop\tdata\user_data\cache\0\45\783AC7824E55,9460
Applications,Telegram,File,C:\Users\pc\AppData\Roaming\Telegram Desktop\tdata\user_data\cache\0\45\B2B5E34B5F99,90228
Applications,Telegram,File,C:\Users\pc\AppData\Roaming\Telegram Desktop\tdata\user_data\cache\0\45\B8DD0BDCE7F1,11188
Applications,Telegram,File,C:\Users\pc\AppData\Roaming\Telegram Desktop\tdata\user_data\cache\0\44\33ECAEA4D119,22676
Applications,Telegram,File,C:\Users\pc\AppData\Roaming\Telegram Desktop\tdata\user_data\cache\0\44\394669774C24,3108
Applications,Telegram,File,C:\Users\pc\AppData\Roaming\Telegram Desktop\tdata\user_data\cache\0\44\CC8FBFF5BC8A,25684
Applications,Telegram,File,C:\Users\pc\AppData\Roaming\Telegram Desktop\tdata\user_data\cache\0\43\799664016DCA,6196
Applications,Telegram,File,C:\Users\pc\AppData\Roaming\Telegram Desktop\tdata\user_data\cache\0\42\12491C870C39,56996
Applications,Telegram,File,C:\Users\pc\AppData\Roaming\Telegram Desktop\tdata\user_data\cache\0\42\4F4735FC3AEE,43092
Applications,Telegram,File,C:\Users\pc\AppData\Roaming\Telegram Desktop\tdata\user_data\cache\0\42\EB01106C5383,11908
Applications,Telegram,File,C:\Users\pc\AppData\Roaming\Telegram Desktop\tdata\user_data\cache\0\42\F8B6A765BC17,11460
Applications,Telegram,File,C:\Users\pc\AppData\Roaming\Telegram Desktop\tdata\user_data\cache\0\41\03B19BA44870,14452
Applications,Telegram,File,C:\Users\pc\AppData\Roaming\Telegram Desktop\tdata\user_data\cache\0\41\B5271447A172,47732
Applications,Telegram,File,C:\Users\pc\AppData\Roaming\Telegram Desktop\tdata\user_data\cache\0\41\FD4A1D97C2B7,21220
Applications,Telegram,File,C:\Users\pc\AppData\Roaming\Telegram Desktop\tdata\user_data\cache\0\40\0FAD16C512CC,13652
Applications,Telegram,File,C:\Users\pc\AppData\Roaming\Telegram Desktop\tdata\user_data\cache\0\40\367305F5E3BE,3604
Applications,Telegram,File,C:\Users\pc\AppData\Roaming\Telegram Desktop\tdata\user_data\cache\0\40\7E6CABC5AECC,12964
Applications,Telegram,File,C:\Users\pc\AppData\Roaming\Telegram Desktop\tdata\user_data\cache\0\40\897409D650F4,18228
Applications,Telegram,File,C:\Users\pc\AppData\Roaming\Telegram Desktop\tdata\user_data\cache\0\3F\55FBA34DC024,3796
Applications,Telegram,File,C:\Users\pc\AppData\Roaming\Telegram Desktop\tdata\user_data\cache\0\3E\BE1BB51B48B5,46356
Applications,Telegram,File,C:\Users\pc\AppData\Roaming\Telegram Desktop\tdata\user_data\cache\0\3D\0E91B040A114,24116
Applications,Telegram,File,C:\Users\pc\AppData\Roaming\Telegram Desktop\tdata\user_data\cache\0\3D\7552B2249532,10564
Applications,Telegram,File,C:\Users\pc\AppData\Roaming\Telegram Desktop\tdata\user_data\cache\0\3D\95203366FBC9,11140
Applications,Telegram,File,C:\Users\pc\AppData\Roaming\Telegram Desktop\tdata\user_data\cache\0\3D\D845F9FF3DBD,13460
Applications,Telegram,File,C:\Users\pc\AppData\Roaming\Telegram Desktop\tdata\user_data\cache\0\3D\EDB1F64F618E,15780
Applications,Telegram,File,C:\Users\pc\AppData\Roaming\Telegram Desktop\tdata\user_data\cache\0\3C\4466DCDDAF92,15284
Applications,Telegram,File,C:\Users\pc\AppData\Roaming\Telegram Desktop\tdata\user_data\cache\0\3C\D02980576D86,30324
Applications,Telegram,File,C:\Users\pc\AppData\Roaming\Telegram Desktop\tdata\user_data\cache\0\3B\48D5215C909B,13012
Applications,Telegram,File,C:\Users\pc\AppData\Roaming\Telegram Desktop\tdata\user_data\cache\0\3B\7A5F8BABE8B3,37156
Applications,Telegram,File,C:\Users\pc\AppData\Roaming\Telegram Desktop\tdata\user_data\cache\0\3B\997A8D251655,10180
Applications,Telegram,File,C:\Users\pc\AppData\Roaming\Telegram Desktop\tdata\user_data\cache\0\39\C2B909C62CE3,9428
Applications,Telegram,File,C:\Users\pc\AppData\Roaming\Telegram Desktop\tdata\user_data\cache\0\39\FDFED4E17247,3908
Applications,Telegram,File,C:\Users\pc\AppData\Roaming\Telegram Desktop\tdata\user_data\cache\0\38\5C1BB74E478A,210980
Applications,Telegram,File,C:\Users\pc\AppData\Roaming\Telegram Desktop\tdata\user_data\cache\0\5E\117AE2E47CF2,14884
Applications,Telegram,File,C:\Users\pc\AppData\Roaming\Telegram Desktop\tdata\user_data\cache\0\5E\C30DB78DAAF4,58996
Applications,Telegram,File,C:\Users\pc\AppData\Roaming\Telegram Desktop\tdata\user_data\cache\0\5E\E0BF29499976,102580
Applications,Telegram,File,C:\Users\pc\AppData\Roaming\Telegram Desktop\tdata\user_data\cache\0\5D\73B9E162A457,7652
Applications,Telegram,File,C:\Users\pc\AppData\Roaming\Telegram Desktop\tdata\user_data\cache\0\5D\E2AEFB2FC451,6948
Applications,Telegram,File,C:\Users\pc\AppData\Roaming\Telegram Desktop\tdata\user_data\cache\0\5C\3FCB8AFFC7BB,21460
Applications,Telegram,File,C:\Users\pc\AppData\Roaming\Telegram Desktop\tdata\user_data\cache\0\5C\799F1E5F807D,15252
Applications,Telegram,File,C:\Users\pc\AppData\Roaming\Telegram Desktop\tdata\user_data\cache\0\5B\0488D522ECCD,29604
Applications,Telegram,File,C:\Users\pc\AppData\Roaming\Telegram Desktop\tdata\user_data\cache\0\5A\E81AD62FC911,23588
Applications,Telegram,File,C:\Users\pc\AppData\Roaming\Telegram Desktop\tdata\user_data\cache\0\59\1BB21CD9078D,30948
Applications,Telegram,File,C:\Users\pc\AppData\Roaming\Telegram Desktop\tdata\user_data\cache\0\58\C349C80D17A2,5380
Applications,Telegram,File,C:\Users\pc\AppData\Roaming\Telegram Desktop\tdata\user_data\cache\0\58\EEC9B9F0B648,14804
Applications,Telegram,File,C:\Users\pc\AppData\Roaming\Telegram Desktop\tdata\user_data\cache\0\57\7F7CE7A30A67,2436
Applications,Telegram,File,C:\Users\pc\AppData\Roaming\Telegram Desktop\tdata\user_data\cache\0\57\DF8D92E9108D,64308
Applications,Telegram,File,C:\Users\pc\AppData\Roaming\Telegram Desktop\tdata\user_data\cache\0\57\E27D7B716078,156804
Applications,Telegram,File,C:\Users\pc\AppData\Roaming\Telegram Desktop\tdata\user_data\cache\0\56\90FE16A5B404,40532
Applications,Telegram,File,C:\Users\pc\AppData\Roaming\Telegram Desktop\tdata\user_data\cache\0\55\6FA55948B6EC,15876
Applications,Telegram,File,C:\Users\pc\AppData\Roaming\Telegram Desktop\tdata\user_data\cache\0\55\7A1512A198B2,18724
Applications,Telegram,File,C:\Users\pc\AppData\Roaming\Telegram Desktop\tdata\user_data\cache\0\54\4B6ADFEE433B,6324
Applications,Telegram,File,C:\Users\pc\AppData\Roaming\Telegram Desktop\tdata\user_data\cache\0\53\3CE94147F2CD,51476
Applications,Telegram,File,C:\Users\pc\AppData\Roaming\Telegram Desktop\tdata\user_data\cache\0\53\41CFF752FC10,115284
Applications,Telegram,File,C:\Users\pc\AppData\Roaming\Telegram Desktop\tdata\user_data\cache\0\53\8AE5E12CBC36,13572
Applications,Telegram,File,C:\Users\pc\AppData\Roaming\Telegram Desktop\tdata\user_data\cache\0\53\C4A935063D70,111108
Applications,Telegram,File,C:\Users\pc\AppData\Roaming\Telegram Desktop\tdata\user_data\cache\0\53\F62B02CF896C,16228
Applications,Telegram,File,C:\Users\pc\AppData\Roaming\Telegram Desktop\tdata\user_data\cache\0\52\7396F4937F8D,7348
Applications,Telegram,File,C:\Users\pc\AppData\Roaming\Telegram Desktop\tdata\user_data\cache\0\51\8355B6D07A8A,45108
Applications,Telegram,File,C:\Users\pc\AppData\Roaming\Telegram Desktop\tdata\user_data\cache\0\51\9542A8774391,35140
Applications,Telegram,File,C:\Users\pc\AppData\Roaming\Telegram Desktop\tdata\user_data\cache\0\50\740772DB9D26,8036
Applications,Telegram,File,C:\Users\pc\AppData\Roaming\Telegram Desktop\tdata\user_data\cache\0\50\C4B68969B148,43396
Applications,Telegram,File,C:\Users\pc\AppData\Roaming\Telegram Desktop\tdata\user_data\cache\0\4E\6B00F25CCBA5,14388
Applications,Telegram,File,C:\Users\pc\AppData\Roaming\Telegram Desktop\tdata\user_data\cache\0\4E\907E54725F9C,12980
Applications,Telegram,File,C:\Users\pc\AppData\Roaming\Telegram Desktop\tdata\user_data\cache\0\4D\694DF688F5F8,9412
Applications,Telegram,File,C:\Users\pc\AppData\Roaming\Telegram Desktop\tdata\user_data\cache\0\4D\DFF017B56CD8,9380
Applications,Telegram,File,C:\Users\pc\AppData\Roaming\Telegram Desktop\tdata\user_data\cache\0\4C\59DB2416A56D,20852
Applications,Telegram,File,C:\Users\pc\AppData\Roaming\Telegram Desktop\tdata\user_data\cache\0\71\62BD997459FC,1444
Applications,Telegram,File,C:\Users\pc\AppData\Roaming\Telegram Desktop\tdata\user_data\cache\0\71\E1C74DBBE751,5460
Applications,Telegram,File,C:\Users\pc\AppData\Roaming\Telegram Desktop\tdata\user_data\cache\0\71\EFD79A5C1C02,6116
Applications,Telegram,File,C:\Users\pc\AppData\Roaming\Telegram Desktop\tdata\user_data\cache\0\70\F312EB9A105F,6900
Applications,Telegram,File,C:\Users\pc\AppData\Roaming\Telegram Desktop\tdata\user_data\cache\0\6F\A1BC2CB2176C,12468
Applications,Telegram,File,C:\Users\pc\AppData\Roaming\Telegram Desktop\tdata\user_data\cache\0\6F\AC549B813F6A,13892
Applications,Telegram,File,C:\Users\pc\AppData\Roaming\Telegram Desktop\tdata\user_data\cache\0\6F\C077DFA0DDFB,1716
Applications,Telegram,File,C:\Users\pc\AppData\Roaming\Telegram Desktop\tdata\user_data\cache\0\6F\C400F40298C7,131204
Applications,Telegram,File,C:\Users\pc\AppData\Roaming\Telegram Desktop\tdata\user_data\cache\0\6F\DA0CE11702FA,10964
Applications,Telegram,File,C:\Users\pc\AppData\Roaming\Telegram Desktop\tdata\user_data\cache\0\6F\F0BBB2DF31AF,10644
Applications,Telegram,File,C:\Users\pc\AppData\Roaming\Telegram Desktop\tdata\user_data\cache\0\6E\67D6513DC6F2,66372
Applications,Telegram,File,C:\Users\pc\AppData\Roaming\Telegram Desktop\tdata\user_data\cache\0\6D\092874FDF758,1572
Applications,Telegram,File,C:\Users\pc\AppData\Roaming\Telegram Desktop\tdata\user_data\cache\0\6C\7891FB194F3B,167620
Applications,Telegram,File,C:\Users\pc\AppData\Roaming\Telegram Desktop\tdata\user_data\cache\0\6B\2E42A76824EB,54772
Applications,Telegram,File,C:\Users\pc\AppData\Roaming\Telegram Desktop\tdata\user_data\cache\0\6B\BE5581A765C7,3812
Applications,Telegram,File,C:\Users\pc\AppData\Roaming\Telegram Desktop\tdata\user_data\cache\0\6B\EB29514A4E6C,10340
Applications,Telegram,File,C:\Users\pc\AppData\Roaming\Telegram Desktop\tdata\user_data\cache\0\6A\8344AF8F4C22,63316
Applications,Telegram,File,C:\Users\pc\AppData\Roaming\Telegram Desktop\tdata\user_data\cache\0\6A\971F29923B99,90036
Applications,Telegram,File,C:\Users\pc\AppData\Roaming\Telegram Desktop\tdata\user_data\cache\0\69\2E1A658D19DE,10244
Applications,Telegram,File,C:\Users\pc\AppData\Roaming\Telegram Desktop\tdata\user_data\cache\0\69\52C35012CFFB,7492
Applications,Telegram,File,C:\Users\pc\AppData\Roaming\Telegram Desktop\tdata\user_data\cache\0\69\A637897BEADD,9844
Applications,Telegram,File,C:\Users\pc\AppData\Roaming\Telegram Desktop\tdata\user_data\cache\0\69\B07144A49281,3396
Applications,Telegram,File,C:\Users\pc\AppData\Roaming\Telegram Desktop\tdata\user_data\cache\0\68\2C625F19D284,46212
Applications,Telegram,File,C:\Users\pc\AppData\Roaming\Telegram Desktop\tdata\user_data\cache\0\68\8A44120676C4,15764
Applications,Telegram,File,C:\Users\pc\AppData\Roaming\Telegram Desktop\tdata\user_data\cache\0\68\DB94FEA3042A,22148
Applications,Telegram,File,C:\Users\pc\AppData\Roaming\Telegram Desktop\tdata\user_data\cache\0\67\EDAD0CA38441,5380
Applications,Telegram,File,C:\Users\pc\AppData\Roaming\Telegram Desktop\tdata\user_data\cache\0\66\121A4A267D2B,8452
Applications,Telegram,File,C:\Users\pc\AppData\Roaming\Telegram Desktop\tdata\user_data\cache\0\66\738FD9D433E5,14660
Applications,Telegram,File,C:\Users\pc\AppData\Roaming\Telegram Desktop\tdata\user_data\cache\0\65\A01912E12949,8644
Applications,Telegram,File,C:\Users\pc\AppData\Roaming\Telegram Desktop\tdata\user_data\cache\0\63\41BC261DE76F,68068
Applications,Telegram,File,C:\Users\pc\AppData\Roaming\Telegram Desktop\tdata\user_data\cache\0\63\548B6FF71FAB,11908
Applications,Telegram,File,C:\Users\pc\AppData\Roaming\Telegram Desktop\tdata\user_data\cache\0\63\640C59361D69,42772
Applications,Telegram,File,C:\Users\pc\AppData\Roaming\Telegram Desktop\tdata\user_data\cache\0\63\8188FE8C1297,28916
Applications,Telegram,File,C:\Users\pc\AppData\Roaming\Telegram Desktop\tdata\user_data\cache\0\63\F57D974AB138,3044
Applications,Telegram,File,C:\Users\pc\AppData\Roaming\Telegram Desktop\tdata\user_data\cache\0\62\570B08F5AF1E,21044
Applications,Telegram,File,C:\Users\pc\AppData\Roaming\Telegram Desktop\tdata\user_data\cache\0\62\95DAD6431275,18084
Applications,Telegram,File,C:\Users\pc\AppData\Roaming\Telegram Desktop\tdata\user_data\cache\0\62\E7BFAA7DE081,3508
Applications,Telegram,File,C:\Users\pc\AppData\Roaming\Telegram Desktop\tdata\user_data\cache\0\61\B9CAB50D6842,4404
Applications,Telegram,File,C:\Users\pc\AppData\Roaming\Telegram Desktop\tdata\user_data\cache\0\61\E4EBE81C749F,129524
Applications,Telegram,File,C:\Users\pc\AppData\Roaming\Telegram Desktop\tdata\user_data\cache\0\60\F5DDF9B650C6,115268
Applications,Telegram,File,C:\Users\pc\AppData\Roaming\Telegram Desktop\tdata\user_data\cache\0\5F\7E82BE2C3D8A,25204
Applications,Telegram,File,C:\Users\pc\AppData\Roaming\Telegram Desktop\tdata\user_data\cache\0\5F\C0042E46156D,13092
Applications,Telegram,File,C:\Users\pc\AppData\Roaming\Telegram Desktop\tdata\user_data\cache\0\5F\D4BA21B9FD7E,8532
Applications,Telegram,File,C:\Users\pc\AppData\Roaming\Telegram Desktop\tdata\user_data\cache\0\85\2A19F7CBD515,6292
Applications,Telegram,File,C:\Users\pc\AppData\Roaming\Telegram Desktop\tdata\user_data\cache\0\85\BADF4CD41ED4,16548
Applications,Telegram,File,C:\Users\pc\AppData\Roaming\Telegram Desktop\tdata\user_data\cache\0\85\CB9C58BCAE8F,45892
Applications,Telegram,File,C:\Users\pc\AppData\Roaming\Telegram Desktop\tdata\user_data\cache\0\85\E3F4466E04B6,17236
Applications,Telegram,File,C:\Users\pc\AppData\Roaming\Telegram Desktop\tdata\user_data\cache\0\85\E41DE7ABEB24,7044
Applications,Telegram,File,C:\Users\pc\AppData\Roaming\Telegram Desktop\tdata\user_data\cache\0\85\FE1654D4F851,9316
Applications,Telegram,File,C:\Users\pc\AppData\Roaming\Telegram Desktop\tdata\user_data\cache\0\84\31BD1C55A3BF,13828
Applications,Telegram,File,C:\Users\pc\AppData\Roaming\Telegram Desktop\tdata\user_data\cache\0\84\47DE392408E8,43492
Applications,Telegram,File,C:\Users\pc\AppData\Roaming\Telegram Desktop\tdata\user_data\cache\0\83\019D72DC62AE,15492
Applications,Telegram,File,C:\Users\pc\AppData\Roaming\Telegram Desktop\tdata\user_data\cache\0\83\2CC4F37ADDB5,5748
Applications,Telegram,File,C:\Users\pc\AppData\Roaming\Telegram Desktop\tdata\user_data\cache\0\82\0125AF443657,66452
Applications,Telegram,File,C:\Users\pc\AppData\Roaming\Telegram Desktop\tdata\user_data\cache\0\82\5228ACD75118,7092
Applications,Telegram,File,C:\Users\pc\AppData\Roaming\Telegram Desktop\tdata\user_data\cache\0\82\8DF9C5C112F3,14916
Applications,Telegram,File,C:\Users\pc\AppData\Roaming\Telegram Desktop\tdata\user_data\cache\0\82\C0CDEBC998B3,105572
Applications,Telegram,File,C:\Users\pc\AppData\Roaming\Telegram Desktop\tdata\user_data\cache\0\80\1122F7C8D240,67940
Applications,Telegram,File,C:\Users\pc\AppData\Roaming\Telegram Desktop\tdata\user_data\cache\0\80\26CB3E4D8D13,14420
Applications,Telegram,File,C:\Users\pc\AppData\Roaming\Telegram Desktop\tdata\user_data\cache\0\80\693307C9F345,8068
Applications,Telegram,File,C:\Users\pc\AppData\Roaming\Telegram Desktop\tdata\user_data\cache\0\7F\1A37D13B42DF,3604
Applications,Telegram,File,C:\Users\pc\AppData\Roaming\Telegram Desktop\tdata\user_data\cache\0\7F\5FFCD694D50B,45956
Applications,Telegram,File,C:\Users\pc\AppData\Roaming\Telegram Desktop\tdata\user_data\cache\0\7F\DD8A4B873388,52404
Applications,Telegram,File,C:\Users\pc\AppData\Roaming\Telegram Desktop\tdata\user_data\cache\0\7F\F19E5F7A324A,43796
Applications,Telegram,File,C:\Users\pc\AppData\Roaming\Telegram Desktop\tdata\user_data\cache\0\7D\0892066FF639,2660
Applications,Telegram,File,C:\Users\pc\AppData\Roaming\Telegram Desktop\tdata\user_data\cache\0\7D\B18279CF4F0A,17044
Applications,Telegram,File,C:\Users\pc\AppData\Roaming\Telegram Desktop\tdata\user_data\cache\0\7C\16D550143FDD,5252
Applications,Telegram,File,C:\Users\pc\AppData\Roaming\Telegram Desktop\tdata\user_data\cache\0\7C\9F50F7C49FEF,12180
Applications,Telegram,File,C:\Users\pc\AppData\Roaming\Telegram Desktop\tdata\user_data\cache\0\7B\4F1EFD3A449B,5268
Applications,Telegram,File,C:\Users\pc\AppData\Roaming\Telegram Desktop\tdata\user_data\cache\0\7B\9C861FAB441D,9988
Applications,Telegram,File,C:\Users\pc\AppData\Roaming\Telegram Desktop\tdata\user_data\cache\0\7A\8EC9040CAF3C,3748
Applications,Telegram,File,C:\Users\pc\AppData\Roaming\Telegram Desktop\tdata\user_data\cache\0\79\274E2D23A570,159668
Applications,Telegram,File,C:\Users\pc\AppData\Roaming\Telegram Desktop\tdata\user_data\cache\0\79\E61B4201C0FC,14052
Applications,Telegram,File,C:\Users\pc\AppData\Roaming\Telegram Desktop\tdata\user_data\cache\0\79\F19830B2B592,125668
Applications,Telegram,File,C:\Users\pc\AppData\Roaming\Telegram Desktop\tdata\user_data\cache\0\78\23892EFC460C,18180
Applications,Telegram,File,C:\Users\pc\AppData\Roaming\Telegram Desktop\tdata\user_data\cache\0\78\2A2C9C40A933,18596
Applications,Telegram,File,C:\Users\pc\AppData\Roaming\Telegram Desktop\tdata\user_data\cache\0\78\C5F0C2028438,13844
Applications,Telegram,File,C:\Users\pc\AppData\Roaming\Telegram Desktop\tdata\user_data\cache\0\77\251F4E86646E,10612
Applications,Telegram,File,C:\Users\pc\AppData\Roaming\Telegram Desktop\tdata\user_data\cache\0\77\3D062DDC63AF,29764
Applications,Telegram,File,C:\Users\pc\AppData\Roaming\Telegram Desktop\tdata\user_data\cache\0\77\7047EF49BF5E,13396
Applications,Telegram,File,C:\Users\pc\AppData\Roaming\Telegram Desktop\tdata\user_data\cache\0\77\91CB2B03A6AD,14484
Applications,Telegram,File,C:\Users\pc\AppData\Roaming\Telegram Desktop\tdata\user_data\cache\0\77\CA286550FC9F,7476
Applications,Telegram,File,C:\Users\pc\AppData\Roaming\Telegram Desktop\tdata\user_data\cache\0\76\05BEDFFFCE50,6052
Applications,Telegram,File,C:\Users\pc\AppData\Roaming\Telegram Desktop\tdata\user_data\cache\0\76\8C189A77A11A,6868
Applications,Telegram,File,C:\Users\pc\AppData\Roaming\Telegram Desktop\tdata\user_data\cache\0\76\AF9284AFC485,180020
Applications,Telegram,File,C:\Users\pc\AppData\Roaming\Telegram Desktop\tdata\user_data\cache\0\75\4FB7EF739927,14948
Applications,Telegram,File,C:\Users\pc\AppData\Roaming\Telegram Desktop\tdata\user_data\cache\0\75\6CFACD359029,114244
Applications,Telegram,File,C:\Users\pc\AppData\Roaming\Telegram Desktop\tdata\user_data\cache\0\74\0F78E255B002,58548
Applications,Telegram,File,C:\Users\pc\AppData\Roaming\Telegram Desktop\tdata\user_data\cache\0\74\68C49489016A,32804
Applications,Telegram,File,C:\Users\pc\AppData\Roaming\Telegram Desktop\tdata\user_data\cache\0\74\DD2285BC96EB,12996
Applications,Telegram,File,C:\Users\pc\AppData\Roaming\Telegram Desktop\tdata\user_data\cache\0\73\48E5ECC2B7E5,11300
Applications,Telegram,File,C:\Users\pc\AppData\Roaming\Telegram Desktop\tdata\user_data\cache\0\73\986D5673C7D5,8340
Applications,Telegram,File,C:\Users\pc\AppData\Roaming\Telegram Desktop\tdata\user_data\cache\0\73\D040C51EBD83,12404
Applications,Telegram,File,C:\Users\pc\AppData\Roaming\Telegram Desktop\tdata\user_data\cache\0\72\4601C60465FD,144452
Applications,Telegram,File,C:\Users\pc\AppData\Roaming\Telegram Desktop\tdata\user_data\cache\0\72\758700B2B89D,6052
Applications,Telegram,File,C:\Users\pc\AppData\Roaming\Telegram Desktop\tdata\user_data\cache\0\72\BD2F3E6E27F4,4100
Applications,Telegram,File,C:\Users\pc\AppData\Roaming\Telegram Desktop\tdata\user_data\cache\0\72\EF6E627244BB,5492
Applications,Telegram,File,C:\Users\pc\AppData\Roaming\Telegram Desktop\tdata\user_data\cache\0\9C\14588EE141FE,54644
Applications,Telegram,File,C:\Users\pc\AppData\Roaming\Telegram Desktop\tdata\user_data\cache\0\9B\9811944173E6,8548
Applications,Telegram,File,C:\Users\pc\AppData\Roaming\Telegram Desktop\tdata\user_data\cache\0\99\17F0D93DB5CA,2740
Applications,Telegram,File,C:\Users\pc\AppData\Roaming\Telegram Desktop\tdata\user_data\cache\0\99\6DB12DEC734E,131204
Applications,Telegram,File,C:\Users\pc\AppData\Roaming\Telegram Desktop\tdata\user_data\cache\0\99\95EEE2F7595B,7572
Applications,Telegram,File,C:\Users\pc\AppData\Roaming\Telegram Desktop\tdata\user_data\cache\0\99\9F530CB7EF60,362644
Applications,Telegram,File,C:\Users\pc\AppData\Roaming\Telegram Desktop\tdata\user_data\cache\0\98\3E54A1AB8939,43316
Applications,Telegram,File,C:\Users\pc\AppData\Roaming\Telegram Desktop\tdata\user_data\cache\0\98\724B1F4798CA,10804
Applications,Telegram,File,C:\Users\pc\AppData\Roaming\Telegram Desktop\tdata\user_data\cache\0\97\1E1B648D0615,15844
Applications,Telegram,File,C:\Users\pc\AppData\Roaming\Telegram Desktop\tdata\user_data\cache\0\97\1F753C358E50,9012
Applications,Telegram,File,C:\Users\pc\AppData\Roaming\Telegram Desktop\tdata\user_data\cache\0\97\809773D6DD9B,131204
Applications,Telegram,File,C:\Users\pc\AppData\Roaming\Telegram Desktop\tdata\user_data\cache\0\96\EFF38DAF03FD,102004
Applications,Telegram,File,C:\Users\pc\AppData\Roaming\Telegram Desktop\tdata\user_data\cache\0\95\399C18F51497,15620
Applications,Telegram,File,C:\Users\pc\AppData\Roaming\Telegram Desktop\tdata\user_data\cache\0\95\E03EA2DE4652,61348
Applications,Telegram,File,C:\Users\pc\AppData\Roaming\Telegram Desktop\tdata\user_data\cache\0\95\FE1EAC548260,20276
Applications,Telegram,File,C:\Users\pc\AppData\Roaming\Telegram Desktop\tdata\user_data\cache\0\94\275C76343EEB,39428
Applications,Telegram,File,C:\Users\pc\AppData\Roaming\Telegram Desktop\tdata\user_data\cache\0\94\2E84173094AA,32804
Applications,Telegram,File,C:\Users\pc\AppData\Roaming\Telegram Desktop\tdata\user_data\cache\0\94\EBC9A197F2E3,49588
Applications,Telegram,File,C:\Users\pc\AppData\Roaming\Telegram Desktop\tdata\user_data\cache\0\94\F5F3B907A861,56228
Applications,Telegram,File,C:\Users\pc\AppData\Roaming\Telegram Desktop\tdata\user_data\cache\0\92\30AA9CF3E71C,24932
Applications,Telegram,File,C:\Users\pc\AppData\Roaming\Telegram Desktop\tdata\user_data\cache\0\90\6409BA7407EA,11732
Applications,Telegram,File,C:\Users\pc\AppData\Roaming\Telegram Desktop\tdata\user_data\cache\0\90\9688E3959220,8244
Applications,Telegram,File,C:\Users\pc\AppData\Roaming\Telegram Desktop\tdata\user_data\cache\0\90\BA0A679963EF,41348
Applications,Telegram,File,C:\Users\pc\AppData\Roaming\Telegram Desktop\tdata\user_data\cache\0\8F\4427CBD6211B,20788
Applications,Telegram,File,C:\Users\pc\AppData\Roaming\Telegram Desktop\tdata\user_data\cache\0\8D\C1B1B7003447,8212
Applications,Telegram,File,C:\Users\pc\AppData\Roaming\Telegram Desktop\tdata\user_data\cache\0\8D\C382911236E8,2116
Applications,Telegram,File,C:\Users\pc\AppData\Roaming\Telegram Desktop\tdata\user_data\cache\0\8C\1E4FA4F096AC,76020
Applications,Telegram,File,C:\Users\pc\AppData\Roaming\Telegram Desktop\tdata\user_data\cache\0\8C\46A78A904175,37028
Applications,Telegram,File,C:\Users\pc\AppData\Roaming\Telegram Desktop\tdata\user_data\cache\0\8C\4795D77E88B5,16324
Applications,Telegram,File,C:\Users\pc\AppData\Roaming\Telegram Desktop\tdata\user_data\cache\0\8C\815D29352A10,9476
Applications,Telegram,File,C:\Users\pc\AppData\Roaming\Telegram Desktop\tdata\user_data\cache\0\8B\DD83F7C17C77,12068
Applications,Telegram,File,C:\Users\pc\AppData\Roaming\Telegram Desktop\tdata\user_data\cache\0\8A\065BBDC7A823,9428
Applications,Telegram,File,C:\Users\pc\AppData\Roaming\Telegram Desktop\tdata\user_data\cache\0\8A\06A29C9E1B5C,16436
Applications,Telegram,File,C:\Users\pc\AppData\Roaming\Telegram Desktop\tdata\user_data\cache\0\89\7FAD04CA6340,7220
Applications,Telegram,File,C:\Users\pc\AppData\Roaming\Telegram Desktop\tdata\user_data\cache\0\88\18CA2D05B586,45572
Applications,Telegram,File,C:\Users\pc\AppData\Roaming\Telegram Desktop\tdata\user_data\cache\0\88\7B207B2837F9,17444
Applications,Telegram,File,C:\Users\pc\AppData\Roaming\Telegram Desktop\tdata\user_data\cache\0\86\057AA117632D,2052
Applications,Telegram,File,C:\Users\pc\AppData\Roaming\Telegram Desktop\tdata\user_data\cache\0\B2\1F698B3996EF,12468
Applications,Telegram,File,C:\Users\pc\AppData\Roaming\Telegram Desktop\tdata\user_data\cache\0\B2\892DB6D22C8C,19012
Applications,Telegram,File,C:\Users\pc\AppData\Roaming\Telegram Desktop\tdata\user_data\cache\0\B1\C49674AB3FAE,29220
Applications,Telegram,File,C:\Users\pc\AppData\Roaming\Telegram Desktop\tdata\user_data\cache\0\B1\E1CBD41D16F3,95172
Applications,Telegram,File,C:\Users\pc\AppData\Roaming\Telegram Desktop\tdata\user_data\cache\0\B0\CDA13DD66454,15732
Applications,Telegram,File,C:\Users\pc\AppData\Roaming\Telegram Desktop\tdata\user_data\cache\0\AF\8181D186337C,5316
Applications,Telegram,File,C:\Users\pc\AppData\Roaming\Telegram Desktop\tdata\user_data\cache\0\AE\7DDDFB75430B,8324
Applications,Telegram,File,C:\Users\pc\AppData\Roaming\Telegram Desktop\tdata\user_data\cache\0\AE\98A06C033948,6516
Applications,Telegram,File,C:\Users\pc\AppData\Roaming\Telegram Desktop\tdata\user_data\cache\0\AE\A05F44FFA2E7,7876
Applications,Telegram,File,C:\Users\pc\AppData\Roaming\Telegram Desktop\tdata\user_data\cache\0\AC\23363628403D,2964
Applications,Telegram,File,C:\Users\pc\AppData\Roaming\Telegram Desktop\tdata\user_data\cache\0\AC\83154E0BED97,18756
Applications,Telegram,File,C:\Users\pc\AppData\Roaming\Telegram Desktop\tdata\user_data\cache\0\AB\39467AF5EA0B,9412
Applications,Telegram,File,C:\Users\pc\AppData\Roaming\Telegram Desktop\tdata\user_data\cache\0\AB\6FBF70954DCE,7332
Applications,Telegram,File,C:\Users\pc\AppData\Roaming\Telegram Desktop\tdata\user_data\cache\0\AB\A927DE19364F,131204
Applications,Telegram,File,C:\Users\pc\AppData\Roaming\Telegram Desktop\tdata\user_data\cache\0\AB\F586E5AC04ED,7268
Applications,Telegram,File,C:\Users\pc\AppData\Roaming\Telegram Desktop\tdata\user_data\cache\0\AA\6A157DDEECEE,13204
Applications,Telegram,File,C:\Users\pc\AppData\Roaming\Telegram Desktop\tdata\user_data\cache\0\AA\EFE07BDB5E88,37700
Applications,Telegram,File,C:\Users\pc\AppData\Roaming\Telegram Desktop\tdata\user_data\cache\0\A9\98279B658CA3,18036
Applications,Telegram,File,C:\Users\pc\AppData\Roaming\Telegram Desktop\tdata\user_data\cache\0\A9\B6025FF951D5,5732
Applications,Telegram,File,C:\Users\pc\AppData\Roaming\Telegram Desktop\tdata\user_data\cache\0\A9\F7AC074D96C2,3028
Applications,Telegram,File,C:\Users\pc\AppData\Roaming\Telegram Desktop\tdata\user_data\cache\0\A8\13629FA422F0,42372
Applications,Telegram,File,C:\Users\pc\AppData\Roaming\Telegram Desktop\tdata\user_data\cache\0\A8\3BFD84B6FDBC,149236
Applications,Telegram,File,C:\Users\pc\AppData\Roaming\Telegram Desktop\tdata\user_data\cache\0\A8\5148AD4C97AA,9492
Applications,Telegram,File,C:\Users\pc\AppData\Roaming\Telegram Desktop\tdata\user_data\cache\0\A8\571B51D4CB8B,9860
Applications,Telegram,File,C:\Users\pc\AppData\Roaming\Telegram Desktop\tdata\user_data\cache\0\A8\8435133C1097,138308
Applications,Telegram,File,C:\Users\pc\AppData\Roaming\Telegram Desktop\tdata\user_data\cache\0\A8\E78DDC984076,6708
Applications,Telegram,File,C:\Users\pc\AppData\Roaming\Telegram Desktop\tdata\user_data\cache\0\A7\24BAA9AB8B25,44116
Applications,Telegram,File,C:\Users\pc\AppData\Roaming\Telegram Desktop\tdata\user_data\cache\0\A6\0C1395F50DC3,38676
Applications,Telegram,File,C:\Users\pc\AppData\Roaming\Telegram Desktop\tdata\user_data\cache\0\A6\BD7142A1D9E2,12164
Applications,Telegram,File,C:\Users\pc\AppData\Roaming\Telegram Desktop\tdata\user_data\cache\0\A6\F1BC3CD223F6,11524
Applications,Telegram,File,C:\Users\pc\AppData\Roaming\Telegram Desktop\tdata\user_data\cache\0\A5\2D288B133217,5908
Applications,Telegram,File,C:\Users\pc\AppData\Roaming\Telegram Desktop\tdata\user_data\cache\0\A5\9733598747B0,13156
Applications,Telegram,File,C:\Users\pc\AppData\Roaming\Telegram Desktop\tdata\user_data\cache\0\A5\A48BCBE6A136,123828
Applications,Telegram,File,C:\Users\pc\AppData\Roaming\Telegram Desktop\tdata\user_data\cache\0\A5\B2488EAD5D6D,13284
Applications,Telegram,File,C:\Users\pc\AppData\Roaming\Telegram Desktop\tdata\user_data\cache\0\A5\ECD0ED55EED0,6788
Applications,Telegram,File,C:\Users\pc\AppData\Roaming\Telegram Desktop\tdata\user_data\cache\0\A3\B219054B6887,47796
Applications,Telegram,File,C:\Users\pc\AppData\Roaming\Telegram Desktop\tdata\user_data\cache\0\A3\ECF4E3C3EEF0,56532
Applications,Telegram,File,C:\Users\pc\AppData\Roaming\Telegram Desktop\tdata\user_data\cache\0\A3\FCE2E9519F00,11988
Applications,Telegram,File,C:\Users\pc\AppData\Roaming\Telegram Desktop\tdata\user_data\cache\0\A2\174CB35FF066,3188
Applications,Telegram,File,C:\Users\pc\AppData\Roaming\Telegram Desktop\tdata\user_data\cache\0\A2\2F1C1AEFEA6F,42372
Applications,Telegram,File,C:\Users\pc\AppData\Roaming\Telegram Desktop\tdata\user_data\cache\0\A2\97B9467D6819,9684
Applications,Telegram,File,C:\Users\pc\AppData\Roaming\Telegram Desktop\tdata\user_data\cache\0\A0\78309363CD80,48132
Applications,Telegram,File,C:\Users\pc\AppData\Roaming\Telegram Desktop\tdata\user_data\cache\0\9F\115B69AB9794,9908
Applications,Telegram,File,C:\Users\pc\AppData\Roaming\Telegram Desktop\tdata\user_data\cache\0\9E\1C6381B9FA79,39476
Applications,Telegram,File,C:\Users\pc\AppData\Roaming\Telegram Desktop\tdata\user_data\cache\0\9E\A37077D2917D,13476
Applications,Telegram,File,C:\Users\pc\AppData\Roaming\Telegram Desktop\tdata\user_data\cache\0\9E\A3DE214E0EAC,4916
Applications,Telegram,File,C:\Users\pc\AppData\Roaming\Telegram Desktop\tdata\user_data\cache\0\9E\C43E600FCA3A,44436
Applications,Telegram,File,C:\Users\pc\AppData\Roaming\Telegram Desktop\tdata\user_data\cache\0\9E\DD4E514B528B,135540
Applications,Telegram,File,C:\Users\pc\AppData\Roaming\Telegram Desktop\tdata\user_data\cache\0\binlog,55220
Applications,Telegram,File,C:\Users\pc\AppData\Roaming\Telegram Desktop\tdata\user_data\cache\0\C7\F777A578AC58,10052
Applications,Telegram,File,C:\Users\pc\AppData\Roaming\Telegram Desktop\tdata\user_data\cache\0\C5\EADB6B26D8A8,27188
Applications,Telegram,File,C:\Users\pc\AppData\Roaming\Telegram Desktop\tdata\user_data\cache\0\C5\FDA64A638ACB,94404
Applications,Telegram,File,C:\Users\pc\AppData\Roaming\Telegram Desktop\tdata\user_data\cache\0\C3\0BBF74B00E4F,11412
Applications,Telegram,File,C:\Users\pc\AppData\Roaming\Telegram Desktop\tdata\user_data\cache\0\C2\0AB7745998F2,8900
Applications,Telegram,File,C:\Users\pc\AppData\Roaming\Telegram Desktop\tdata\user_data\cache\0\C2\1DF4CE2E1D98,19940
Applications,Telegram,File,C:\Users\pc\AppData\Roaming\Telegram Desktop\tdata\user_data\cache\0\C2\9D8D31036B2B,37332
Applications,Telegram,File,C:\Users\pc\AppData\Roaming\Telegram Desktop\tdata\user_data\cache\0\C2\9F2BE8319DC0,58500
Applications,Telegram,File,C:\Users\pc\AppData\Roaming\Telegram Desktop\tdata\user_data\cache\0\C2\ABFA3E748681,108836
Applications,Telegram,File,C:\Users\pc\AppData\Roaming\Telegram Desktop\tdata\user_data\cache\0\C2\B7A363D7CCE7,27092
Applications,Telegram,File,C:\Users\pc\AppData\Roaming\Telegram Desktop\tdata\user_data\cache\0\C1\86A55FE6A6D8,3140
Applications,Telegram,File,C:\Users\pc\AppData\Roaming\Telegram Desktop\tdata\user_data\cache\0\C1\CF3460166292,4276
Applications,Telegram,File,C:\Users\pc\AppData\Roaming\Telegram Desktop\tdata\user_data\cache\0\C0\755B75CB2AF5,58516
Applications,Telegram,File,C:\Users\pc\AppData\Roaming\Telegram Desktop\tdata\user_data\cache\0\C0\8E14A08E8C0A,130452
Applications,Telegram,File,C:\Users\pc\AppData\Roaming\Telegram Desktop\tdata\user_data\cache\0\C0\F01754A609BA,34052
Applications,Telegram,File,C:\Users\pc\AppData\Roaming\Telegram Desktop\tdata\user_data\cache\0\BF\02C4B8E69325,6100
Applications,Telegram,File,C:\Users\pc\AppData\Roaming\Telegram Desktop\tdata\user_data\cache\0\BF\714AAC4A0451,10692
Applications,Telegram,File,C:\Users\pc\AppData\Roaming\Telegram Desktop\tdata\user_data\cache\0\BF\96A92CDF3394,32852
Applications,Telegram,File,C:\Users\pc\AppData\Roaming\Telegram Desktop\tdata\user_data\cache\0\BE\3702A74F1F1C,38164
Applications,Telegram,File,C:\Users\pc\AppData\Roaming\Telegram Desktop\tdata\user_data\cache\0\BE\BAF6E1CBAF32,62900
Applications,Telegram,File,C:\Users\pc\AppData\Roaming\Telegram Desktop\tdata\user_data\cache\0\BE\D26D17D78D9C,12996
Applications,Telegram,File,C:\Users\pc\AppData\Roaming\Telegram Desktop\tdata\user_data\cache\0\BB\A6986B7CA18A,12644
Applications,Telegram,File,C:\Users\pc\AppData\Roaming\Telegram Desktop\tdata\user_data\cache\0\BA\37D28E91837A,4404
Applications,Telegram,File,C:\Users\pc\AppData\Roaming\Telegram Desktop\tdata\user_data\cache\0\B9\97C08A5455FF,6148
Applications,Telegram,File,C:\Users\pc\AppData\Roaming\Telegram Desktop\tdata\user_data\cache\0\B9\FC515C207530,21220
Applications,Telegram,File,C:\Users\pc\AppData\Roaming\Telegram Desktop\tdata\user_data\cache\0\B8\0D2AF1AD89FD,43412
Applications,Telegram,File,C:\Users\pc\AppData\Roaming\Telegram Desktop\tdata\user_data\cache\0\B8\14B32D6F74AF,59364
Applications,Telegram,File,C:\Users\pc\AppData\Roaming\Telegram Desktop\tdata\user_data\cache\0\B8\AEFE5002CE8F,5316
Applications,Telegram,File,C:\Users\pc\AppData\Roaming\Telegram Desktop\tdata\user_data\cache\0\B7\5A725D4E8CC3,142692
Applications,Telegram,File,C:\Users\pc\AppData\Roaming\Telegram Desktop\tdata\user_data\cache\0\B6\242048DAB807,3924
Applications,Telegram,File,C:\Users\pc\AppData\Roaming\Telegram Desktop\tdata\user_data\cache\0\B6\C27FF8F4CDE6,24788
Applications,Telegram,File,C:\Users\pc\AppData\Roaming\Telegram Desktop\tdata\user_data\cache\0\B5\0F1AA000A2DE,24164
Applications,Telegram,File,C:\Users\pc\AppData\Roaming\Telegram Desktop\tdata\user_data\cache\0\B5\81BF39E3B8F9,21284
Applications,Telegram,File,C:\Users\pc\AppData\Roaming\Telegram Desktop\tdata\user_data\cache\0\B4\2C75DEFDE160,1028
Applications,Telegram,File,C:\Users\pc\AppData\Roaming\Telegram Desktop\tdata\user_data\cache\0\B3\37F1A4CA8658,10292
Applications,Telegram,File,C:\Users\pc\AppData\Roaming\Telegram Desktop\tdata\user_data\cache\0\B3\39908EADEB69,17396
Applications,Telegram,File,C:\Users\pc\AppData\Roaming\Telegram Desktop\tdata\user_data\cache\0\B3\74468F2C7EE1,39316
Applications,Telegram,File,C:\Users\pc\AppData\Roaming\Telegram Desktop\tdata\user_data\cache\0\B3\88287A73D565,8948
Applications,Telegram,File,C:\Users\pc\AppData\Roaming\Telegram Desktop\tdata\user_data\cache\0\DC\11D1ECABBDE7,33284
Applications,Telegram,File,C:\Users\pc\AppData\Roaming\Telegram Desktop\tdata\user_data\cache\0\DC\1F54C0C638C8,4404
Applications,Telegram,File,C:\Users\pc\AppData\Roaming\Telegram Desktop\tdata\user_data\cache\0\DC\33EEF5D5CD28,4340
Applications,Telegram,File,C:\Users\pc\AppData\Roaming\Telegram Desktop\tdata\user_data\cache\0\DC\6FA070A8E4B6,9780
Applications,Telegram,File,C:\Users\pc\AppData\Roaming\Telegram Desktop\tdata\user_data\cache\0\DB\3A81D055C120,7844
Applications,Telegram,File,C:\Users\pc\AppData\Roaming\Telegram Desktop\tdata\user_data\cache\0\DB\708D69FFB0EE,13460
Applications,Telegram,File,C:\Users\pc\AppData\Roaming\Telegram Desktop\tdata\user_data\cache\0\DB\7B2359414F0A,5988
Applications,Telegram,File,C:\Users\pc\AppData\Roaming\Telegram Desktop\tdata\user_data\cache\0\D9\992695BB65F0,22964
Applications,Telegram,File,C:\Users\pc\AppData\Roaming\Telegram Desktop\tdata\user_data\cache\0\D9\F6AB1C2AE837,10756
Applications,Telegram,File,C:\Users\pc\AppData\Roaming\Telegram Desktop\tdata\user_data\cache\0\D8\228740C35CD7,27668
Applications,Telegram,File,C:\Users\pc\AppData\Roaming\Telegram Desktop\tdata\user_data\cache\0\D8\6A15DE3D3106,3588
Applications,Telegram,File,C:\Users\pc\AppData\Roaming\Telegram Desktop\tdata\user_data\cache\0\D8\F2DF8ADA35D6,3284
Applications,Telegram,File,C:\Users\pc\AppData\Roaming\Telegram Desktop\tdata\user_data\cache\0\D7\3331C4CD6A80,8036
Applications,Telegram,File,C:\Users\pc\AppData\Roaming\Telegram Desktop\tdata\user_data\cache\0\D7\678226E30AC0,49652
Applications,Telegram,File,C:\Users\pc\AppData\Roaming\Telegram Desktop\tdata\user_data\cache\0\D7\A8204993B3BE,1988
Applications,Telegram,File,C:\Users\pc\AppData\Roaming\Telegram Desktop\tdata\user_data\cache\0\D6\0661FF9AA57E,180532
Applications,Telegram,File,C:\Users\pc\AppData\Roaming\Telegram Desktop\tdata\user_data\cache\0\D6\607813D73058,131204
Applications,Telegram,File,C:\Users\pc\AppData\Roaming\Telegram Desktop\tdata\user_data\cache\0\D6\7B4F4C7CF843,9412
Applications,Telegram,File,C:\Users\pc\AppData\Roaming\Telegram Desktop\tdata\user_data\cache\0\D6\AB06FE01075A,3764
Applications,Telegram,File,C:\Users\pc\AppData\Roaming\Telegram Desktop\tdata\user_data\cache\0\D6\D8A395FF3A15,20452
Applications,Telegram,File,C:\Users\pc\AppData\Roaming\Telegram Desktop\tdata\user_data\cache\0\D4\2F96B917218A,7460
Applications,Telegram,File,C:\Users\pc\AppData\Roaming\Telegram Desktop\tdata\user_data\cache\0\D4\6B9501EF2E1E,8820
Applications,Telegram,File,C:\Users\pc\AppData\Roaming\Telegram Desktop\tdata\user_data\cache\0\D4\DA81F89AFDF4,8100
Applications,Telegram,File,C:\Users\pc\AppData\Roaming\Telegram Desktop\tdata\user_data\cache\0\D3\D378EDD7BF25,20532
Applications,Telegram,File,C:\Users\pc\AppData\Roaming\Telegram Desktop\tdata\user_data\cache\0\D2\74BDF97EA9B1,29044
Applications,Telegram,File,C:\Users\pc\AppData\Roaming\Telegram Desktop\tdata\user_data\cache\0\D2\CD279C0FD324,35668
Applications,Telegram,File,C:\Users\pc\AppData\Roaming\Telegram Desktop\tdata\user_data\cache\0\D2\F59FF305D02E,115060
Applications,Telegram,File,C:\Users\pc\AppData\Roaming\Telegram Desktop\tdata\user_data\cache\0\D1\1EFB05197B2F,34932
Applications,Telegram,File,C:\Users\pc\AppData\Roaming\Telegram Desktop\tdata\user_data\cache\0\D1\362C6CA37ECB,18228
Applications,Telegram,File,C:\Users\pc\AppData\Roaming\Telegram Desktop\tdata\user_data\cache\0\D1\801D381FDFAD,11844
Applications,Telegram,File,C:\Users\pc\AppData\Roaming\Telegram Desktop\tdata\user_data\cache\0\D1\874E07CF32AD,5572
Applications,Telegram,File,C:\Users\pc\AppData\Roaming\Telegram Desktop\tdata\user_data\cache\0\D0\6BE17A050B02,5396
Applications,Telegram,File,C:\Users\pc\AppData\Roaming\Telegram Desktop\tdata\user_data\cache\0\D0\AF7B1B9E5427,59604
Applications,Telegram,File,C:\Users\pc\AppData\Roaming\Telegram Desktop\tdata\user_data\cache\0\CF\139E427F5DB9,8164
Applications,Telegram,File,C:\Users\pc\AppData\Roaming\Telegram Desktop\tdata\user_data\cache\0\CF\771DE6D66AC7,10564
Applications,Telegram,File,C:\Users\pc\AppData\Roaming\Telegram Desktop\tdata\user_data\cache\0\CF\8B883C349671,10004
Applications,Telegram,File,C:\Users\pc\AppData\Roaming\Telegram Desktop\tdata\user_data\cache\0\CE\4065C5360934,11844
Applications,Telegram,File,C:\Users\pc\AppData\Roaming\Telegram Desktop\tdata\user_data\cache\0\CE\64A9241CC51E,4404
Applications,Telegram,File,C:\Users\pc\AppData\Roaming\Telegram Desktop\tdata\user_data\cache\0\CE\860C875DB15F,9940
Applications,Telegram,File,C:\Users\pc\AppData\Roaming\Telegram Desktop\tdata\user_data\cache\0\CE\CF483FD3A6F5,3540
Applications,Telegram,File,C:\Users\pc\AppData\Roaming\Telegram Desktop\tdata\user_data\cache\0\CE\E5FF13F5752C,11988
Applications,Telegram,File,C:\Users\pc\AppData\Roaming\Telegram Desktop\tdata\user_data\cache\0\CD\211EFCD8915D,1428
Applications,Telegram,File,C:\Users\pc\AppData\Roaming\Telegram Desktop\tdata\user_data\cache\0\CC\6B95A322ADFC,152052
Applications,Telegram,File,C:\Users\pc\AppData\Roaming\Telegram Desktop\tdata\user_data\cache\0\CB\22F50644B001,11236
Applications,Telegram,File,C:\Users\pc\AppData\Roaming\Telegram Desktop\tdata\user_data\cache\0\CB\43988A2DF5F7,4036
Applications,Telegram,File,C:\Users\pc\AppData\Roaming\Telegram Desktop\tdata\user_data\cache\0\CB\6873D751D008,127812
Applications,Telegram,File,C:\Users\pc\AppData\Roaming\Telegram Desktop\tdata\user_data\cache\0\CB\AB63C3B4AC81,14868
Applications,Telegram,File,C:\Users\pc\AppData\Roaming\Telegram Desktop\tdata\user_data\cache\0\CB\AD26FF8EA642,9332
Applications,Telegram,File,C:\Users\pc\AppData\Roaming\Telegram Desktop\tdata\user_data\cache\0\CA\5F9D83EE317E,9876
Applications,Telegram,File,C:\Users\pc\AppData\Roaming\Telegram Desktop\tdata\user_data\cache\0\CA\A058E05CA418,19092
Applications,Telegram,File,C:\Users\pc\AppData\Roaming\Telegram Desktop\tdata\user_data\cache\0\C8\08BFECA86330,23172
Applications,Telegram,File,C:\Users\pc\AppData\Roaming\Telegram Desktop\tdata\user_data\cache\0\C8\A3152DF9175C,26276
Applications,Telegram,File,C:\Users\pc\AppData\Roaming\Telegram Desktop\tdata\user_data\cache\0\EF\3681B9404CCB,6212
Applications,Telegram,File,C:\Users\pc\AppData\Roaming\Telegram Desktop\tdata\user_data\cache\0\EF\82F120C00042,17988
Applications,Telegram,File,C:\Users\pc\AppData\Roaming\Telegram Desktop\tdata\user_data\cache\0\EF\9CAF98AB1F04,5348
Applications,Telegram,File,C:\Users\pc\AppData\Roaming\Telegram Desktop\tdata\user_data\cache\0\EE\45D6B321850F,12148
Applications,Telegram,File,C:\Users\pc\AppData\Roaming\Telegram Desktop\tdata\user_data\cache\0\EE\490BE518130B,6132
Applications,Telegram,File,C:\Users\pc\AppData\Roaming\Telegram Desktop\tdata\user_data\cache\0\EE\520E13D27DB1,23476
Applications,Telegram,File,C:\Users\pc\AppData\Roaming\Telegram Desktop\tdata\user_data\cache\0\ED\AECCCDE59B10,8452
Applications,Telegram,File,C:\Users\pc\AppData\Roaming\Telegram Desktop\tdata\user_data\cache\0\EC\8145504FE9EC,175860
Applications,Telegram,File,C:\Users\pc\AppData\Roaming\Telegram Desktop\tdata\user_data\cache\0\EC\975757D7253E,11348
Applications,Telegram,File,C:\Users\pc\AppData\Roaming\Telegram Desktop\tdata\user_data\cache\0\EC\B491645C9CBC,81188
Applications,Telegram,File,C:\Users\pc\AppData\Roaming\Telegram Desktop\tdata\user_data\cache\0\EB\93BD416D2358,9780
Applications,Telegram,File,C:\Users\pc\AppData\Roaming\Telegram Desktop\tdata\user_data\cache\0\EB\D38C485687B0,41892
Applications,Telegram,File,C:\Users\pc\AppData\Roaming\Telegram Desktop\tdata\user_data\cache\0\EA\8E1486020FDD,60916
Applications,Telegram,File,C:\Users\pc\AppData\Roaming\Telegram Desktop\tdata\user_data\cache\0\E9\106C6718806B,4916
Applications,Telegram,File,C:\Users\pc\AppData\Roaming\Telegram Desktop\tdata\user_data\cache\0\E8\4F6D8FAE86F8,47268
Applications,Telegram,File,C:\Users\pc\AppData\Roaming\Telegram Desktop\tdata\user_data\cache\0\E8\5E53BBA77F8E,18388
Applications,Telegram,File,C:\Users\pc\AppData\Roaming\Telegram Desktop\tdata\user_data\cache\0\E8\F30FA47F73A0,5892
Applications,Telegram,File,C:\Users\pc\AppData\Roaming\Telegram Desktop\tdata\user_data\cache\0\E7\2650AEC86EAE,43732
Applications,Telegram,File,C:\Users\pc\AppData\Roaming\Telegram Desktop\tdata\user_data\cache\0\E7\DEE89A75FC7A,13668
Applications,Telegram,File,C:\Users\pc\AppData\Roaming\Telegram Desktop\tdata\user_data\cache\0\E6\222F0D951505,4132
Applications,Telegram,File,C:\Users\pc\AppData\Roaming\Telegram Desktop\tdata\user_data\cache\0\E6\BB3DF81910A6,16324
Applications,Telegram,File,C:\Users\pc\AppData\Roaming\Telegram Desktop\tdata\user_data\cache\0\E5\EE2574B63970,112820
Applications,Telegram,File,C:\Users\pc\AppData\Roaming\Telegram Desktop\tdata\user_data\cache\0\E5\F0B300D32C78,4836
Applications,Telegram,File,C:\Users\pc\AppData\Roaming\Telegram Desktop\tdata\user_data\cache\0\E4\2E781B1AC65A,37092
Applications,Telegram,File,C:\Users\pc\AppData\Roaming\Telegram Desktop\tdata\user_data\cache\0\E4\D7153642D53F,27300
Applications,Telegram,File,C:\Users\pc\AppData\Roaming\Telegram Desktop\tdata\user_data\cache\0\E3\39E36365832E,4388
Applications,Telegram,File,C:\Users\pc\AppData\Roaming\Telegram Desktop\tdata\user_data\cache\0\E3\83426573B2F9,126564
Applications,Telegram,File,C:\Users\pc\AppData\Roaming\Telegram Desktop\tdata\user_data\cache\0\E1\1A63BA370800,12004
Applications,Telegram,File,C:\Users\pc\AppData\Roaming\Telegram Desktop\tdata\user_data\cache\0\E1\27FEC42C0192,64196
Applications,Telegram,File,C:\Users\pc\AppData\Roaming\Telegram Desktop\tdata\user_data\cache\0\E1\5B5F4A11FCB0,16724
Applications,Telegram,File,C:\Users\pc\AppData\Roaming\Telegram Desktop\tdata\user_data\cache\0\E1\5F81EFC4306D,4676
Applications,Telegram,File,C:\Users\pc\AppData\Roaming\Telegram Desktop\tdata\user_data\cache\0\E1\76CBF760650B,49588
Applications,Telegram,File,C:\Users\pc\AppData\Roaming\Telegram Desktop\tdata\user_data\cache\0\E1\86D6FD4EA4A4,39620
Applications,Telegram,File,C:\Users\pc\AppData\Roaming\Telegram Desktop\tdata\user_data\cache\0\E1\A7F7DDF796EB,45268
Applications,Telegram,File,C:\Users\pc\AppData\Roaming\Telegram Desktop\tdata\user_data\cache\0\E0\58FE33776377,61108
Applications,Telegram,File,C:\Users\pc\AppData\Roaming\Telegram Desktop\tdata\user_data\cache\0\E0\61B99EB0E6EF,29124
Applications,Telegram,File,C:\Users\pc\AppData\Roaming\Telegram Desktop\tdata\user_data\cache\0\E0\F783B5C77DA5,4132
Applications,Telegram,File,C:\Users\pc\AppData\Roaming\Telegram Desktop\tdata\user_data\cache\0\DF\260A66073860,40484
Applications,Telegram,File,C:\Users\pc\AppData\Roaming\Telegram Desktop\tdata\user_data\cache\0\DF\322DF35A2A87,5956
Applications,Telegram,File,C:\Users\pc\AppData\Roaming\Telegram Desktop\tdata\user_data\cache\0\DF\746BD0AFAFDD,6164
Applications,Telegram,File,C:\Users\pc\AppData\Roaming\Telegram Desktop\tdata\user_data\cache\0\DE\15E7F1F5EA4A,13796
Applications,Telegram,File,C:\Users\pc\AppData\Roaming\Telegram Desktop\tdata\user_data\cache\0\DE\C5E923EDE2E5,5476
Applications,Telegram,File,C:\Users\pc\AppData\Roaming\Telegram Desktop\tdata\user_data\cache\0\DD\C06D2EF9D170,7604
Applications,Telegram,File,C:\Users\pc\AppData\Roaming\Telegram Desktop\tdata\user_data\cache\0\FF\40B12CB8636E,8804
Applications,Telegram,File,C:\Users\pc\AppData\Roaming\Telegram Desktop\tdata\user_data\cache\0\FF\B98A0DF948B3,11700
Applications,Telegram,File,C:\Users\pc\AppData\Roaming\Telegram Desktop\tdata\user_data\cache\0\FE\6463392920CF,1956
Applications,Telegram,File,C:\Users\pc\AppData\Roaming\Telegram Desktop\tdata\user_data\cache\0\FC\19F66DD4439E,12004
Applications,Telegram,File,C:\Users\pc\AppData\Roaming\Telegram Desktop\tdata\user_data\cache\0\FC\9F122BFE2791,17348
Applications,Telegram,File,C:\Users\pc\AppData\Roaming\Telegram Desktop\tdata\user_data\cache\0\FC\C25E94AB7013,109380
Applications,Telegram,File,C:\Users\pc\AppData\Roaming\Telegram Desktop\tdata\user_data\cache\0\FB\1A637D39580D,8612
Applications,Telegram,File,C:\Users\pc\AppData\Roaming\Telegram Desktop\tdata\user_data\cache\0\FB\A1EE62B7F01A,6324
Applications,Telegram,File,C:\Users\pc\AppData\Roaming\Telegram Desktop\tdata\user_data\cache\0\FA\2DD99F72B566,10900
Applications,Telegram,File,C:\Users\pc\AppData\Roaming\Telegram Desktop\tdata\user_data\cache\0\F9\134CEE22D4B8,9860
Applications,Telegram,File,C:\Users\pc\AppData\Roaming\Telegram Desktop\tdata\user_data\cache\0\F9\3A18CF39D886,16388
Applications,Telegram,File,C:\Users\pc\AppData\Roaming\Telegram Desktop\tdata\user_data\cache\0\F9\BEC414E739EE,8836
Applications,Telegram,File,C:\Users\pc\AppData\Roaming\Telegram Desktop\tdata\user_data\cache\0\F8\238773AA5974,9972
Applications,Telegram,File,C:\Users\pc\AppData\Roaming\Telegram Desktop\tdata\user_data\cache\0\F8\7629B819D42C,10436
Applications,Telegram,File,C:\Users\pc\AppData\Roaming\Telegram Desktop\tdata\user_data\cache\0\F8\DA2B95B60521,5588
Applications,Telegram,File,C:\Users\pc\AppData\Roaming\Telegram Desktop\tdata\user_data\cache\0\F7\3874529961C1,58196
Applications,Telegram,File,C:\Users\pc\AppData\Roaming\Telegram Desktop\tdata\user_data\cache\0\F7\8F2E787BD1BB,11124
Applications,Telegram,File,C:\Users\pc\AppData\Roaming\Telegram Desktop\tdata\user_data\cache\0\F7\CBB46C1E6385,9364
Applications,Telegram,File,C:\Users\pc\AppData\Roaming\Telegram Desktop\tdata\user_data\cache\0\F6\4164ACB943A5,6580
Applications,Telegram,File,C:\Users\pc\AppData\Roaming\Telegram Desktop\tdata\user_data\cache\0\F6\BD12BD3CEDDF,22324
Applications,Telegram,File,C:\Users\pc\AppData\Roaming\Telegram Desktop\tdata\user_data\cache\0\F5\485433562690,4436
Applications,Telegram,File,C:\Users\pc\AppData\Roaming\Telegram Desktop\tdata\user_data\cache\0\F4\61265834CB4C,21428
Applications,Telegram,File,C:\Users\pc\AppData\Roaming\Telegram Desktop\tdata\user_data\cache\0\F4\776D1E0E96A9,15652
Applications,Telegram,File,C:\Users\pc\AppData\Roaming\Telegram Desktop\tdata\user_data\cache\0\F4\BB2D74F0AAB8,217236
Applications,Telegram,File,C:\Users\pc\AppData\Roaming\Telegram Desktop\tdata\user_data\cache\0\F3\8A7B294899BD,8404
Applications,Telegram,File,C:\Users\pc\AppData\Roaming\Telegram Desktop\tdata\user_data\cache\0\F3\FF248958A042,17540
Applications,Telegram,File,C:\Users\pc\AppData\Roaming\Telegram Desktop\tdata\user_data\cache\0\F2\1B80B73A1391,13812
Applications,Telegram,File,C:\Users\pc\AppData\Roaming\Telegram Desktop\tdata\user_data\cache\0\F1\7B5C8E47C944,20420
Applications,Telegram,File,C:\Users\pc\AppData\Roaming\Telegram Desktop\tdata\user_data\cache\0\F1\9607A036AEA5,16548
Applications,Telegram,File,C:\Users\pc\AppData\Roaming\Telegram Desktop\tdata\user_data\cache\0\F1\C3A5602550E1,8820
Applications,Telegram,File,C:\Users\pc\AppData\Roaming\Telegram Desktop\tdata\user_data\cache\0\F1\F2749E3340C3,22036
Applications,Telegram,File,C:\Users\pc\AppData\Roaming\Telegram Desktop\tdata\user_data\cache\0\F0\E13AF06B266C,6980
System,Temporary Files,File,C:\Windows\TEMP\AppxErrorReport_4BAEF4A1-3347-0000-41B1-B74B4733DC01.txt,710
System,Temporary Files,File,C:\Windows\TEMP\AppxErrorReport_4BAEF4A1-3347-0000-797F-B14B4733DC01.txt,694
System,Temporary Files,File,C:\Windows\TEMP\AppxErrorReport_4BAEF4A1-3347-0000-9414-B24B4733DC01.txt,694
System,Temporary Files,File,C:\Windows\TEMP\AppxErrorReport_4BAEF4A1-3347-0000-983D-B74B4733DC01.txt,670
System,Temporary Files,File,C:\Windows\TEMP\AppxErrorReport_4BAEF4A1-3347-0000-A867-B74B4733DC01.txt,670
System,Temporary Files,File,C:\Windows\TEMP\AppxErrorReport_4BAEF4A1-3347-0000-AC55-AF4B4733DC01.txt,670
System,Temporary Files,File,C:\Windows\TEMP\AppxErrorReport_4BAEF4A1-3347-0000-ADE7-C04B4733DC01.txt,694
System,Temporary Files,File,C:\Windows\TEMP\AppxErrorReport_4BAEF4A1-3347-0000-B034-B14B4733DC01.txt,694
System,Temporary Files,File,C:\Windows\TEMP\AppxErrorReport_4BAEF4A1-3347-0000-D005-AF4B4733DC01.txt,670
System,Temporary Files,File,C:\Windows\TEMP\AppxErrorReport_4BAEF4A1-3347-0000-F5D7-AF4B4733DC01.txt,710
System,Temporary Files,File,C:\Windows\TEMP\AppxErrorReport_4BAEF4A1-3347-0000-F5D7-BF4B4733DC01.txt,694
System,Temporary Files,File,C:\Windows\TEMP\AppxErrorReport_4BAEF4A1-3347-0001-5890-BB4B4733DC01.txt,694
System,Temporary Files,File,C:\Windows\TEMP\AppxErrorReport_4BAEF4A1-3347-0001-86AA-B54B4733DC01.txt,694
System,Temporary Files,File,C:\Windows\TEMP\AppxErrorReport_4BAEF4A1-3347-0001-E823-BC4B4733DC01.txt,694
System,Temporary Files,File,C:\Windows\TEMP\AppxErrorReport_4BAEF4A1-3347-0002-13D4-AF4B4733DC01.txt,710
System,Temporary Files,File,C:\Windows\TEMP\AppxErrorReport_4BAEF4A1-3347-0002-219D-B64B4733DC01.txt,694
System,Temporary Files,File,C:\Windows\TEMP\AppxErrorReport_4BAEF4A1-3347-0002-2590-B24B4733DC01.txt,694
System,Temporary Files,File,C:\Windows\TEMP\AppxErrorReport_4BAEF4A1-3347-0002-46CB-AF4B4733DC01.txt,670
System,Temporary Files,File,C:\Windows\TEMP\AppxErrorReport_4BAEF4A1-3347-0002-8920-B04B4733DC01.txt,694
System,Temporary Files,File,C:\Windows\TEMP\AppxErrorReport_4BAEF4A1-3347-0002-9400-B04B4733DC01.txt,694
System,Temporary Files,File,C:\Windows\TEMP\AppxErrorReport_4BAEF4A1-3347-0002-E417-B64B4733DC01.txt,710
System,Temporary Files,File,C:\Windows\TEMP\AppxErrorReport_4BAEF4A1-3347-0002-E817-B64B4733DC01.txt,710
System,Temporary Files,File,C:\Windows\TEMP\AppxErrorReport_4BAEF4A1-3347-0003-7FD1-C14B4733DC01.txt,694
System,Temporary Files,File,C:\Windows\TEMP\AppxErrorReport_4BAEF4A1-3347-0003-B931-B94B4733DC01.txt,694
System,Temporary Files,File,C:\Windows\TEMP\AppxErrorReport_4BAEF4A1-3347-0003-BED4-B44B4733DC01.txt,694
System,Temporary Files,File,C:\Windows\TEMP\AppxErrorReport_4BAEF4A1-3347-0003-C127-BB4B4733DC01.txt,694
System,Temporary Files,File,C:\Windows\TEMP\AppxErrorReport_FC0CD8F6-3335-0000-0FF1-10FC3533DC01.txt,694
System,Temporary Files,File,C:\Windows\TEMP\AppxErrorReport_FC0CD8F6-3335-0001-08EB-0DFC3533DC01.txt,694
System,Temporary Files,File,C:\Windows\TEMP\AppxErrorReport_FC0CD8F6-3335-0001-32E9-0CFC3533DC01.txt,670
System,Temporary Files,File,C:\Windows\TEMP\AppxErrorReport_FC0CD8F6-3335-0001-6CEC-0EFC3533DC01.txt,694
System,Temporary Files,File,C:\Windows\TEMP\AppxErrorReport_FC0CD8F6-3335-0002-1914-11FC3533DC01.txt,694
System,Temporary Files,File,C:\Windows\TEMP\AppxErrorReport_FC0CD8F6-3335-0002-9205-0DFC3533DC01.txt,670
System,Temporary Files,File,C:\Windows\TEMP\AppxErrorReport_FC0CD8F6-3335-0002-C04E-0DFC3533DC01.txt,670
System,Temporary Files,File,C:\Windows\TEMP\AppxErrorReport_FC0CD8F6-3335-0002-D445-0EFC3533DC01.txt,694
System,Temporary Files,File,C:\Windows\TEMP\AppxErrorReport_FC0CD8F6-3335-0002-FE07-11FC3533DC01.txt,694
System,Temporary Files,File,C:\Windows\TEMP\AppxErrorReport_FC0CD8F6-3335-0003-1638-0DFC3533DC01.txt,710
System,Temporary Files,File,C:\Windows\TEMP\AppxErrorReport_FC0CD8F6-3335-0003-1C38-0DFC3533DC01.txt,710
System,Temporary Files,File,C:\Windows\TEMP\AppxErrorReport_FC0CD8F6-3335-0003-D858-0EFC3533DC01.txt,694
System,Temporary Files,File,C:\Windows\TEMP\FXSAPIDebugLogFile.txt,0
System,Temporary Files,File,C:\Windows\TEMP\FXSTIFFDebugLogFile.txt,0
System,Temporary Files,File,C:\Windows\TEMP\Setup Log 2025-10-02 #001.txt,433567
Windows,Thumbnail Cache,File,DiskCleanup: Thumbnail Cache,3153408
System,Windows Log Files,File,C:\Windows\system32\wbem\Logs\wmiprov.log,422
System,Windows Log Files,File,C:\Windows\setupact.log,2160
System,Windows Log Files,File,C:\Windows\setuperr.log,0
System,Windows Log Files,File,C:\Windows\WindowsUpdate.log,276
System,Windows Log Files,File,C:\Windows\Logs\WinREAgent\setupact.log,8359
System,Windows Log Files,File,C:\Windows\Logs\WinREAgent\setuperr.log,415
System,Windows Log Files,File,C:\Windows\Logs\MeasuredBoot\0000000066-0000000002.log,32993
System,Windows Log Files,File,C:\Windows\Logs\MeasuredBoot\0000000066-0000000003.log,32993
System,Windows Log Files,File,C:\Windows\Logs\MeasuredBoot\0000000066-0000000004.log,32993
System,Windows Log Files,File,C:\Windows\Logs\MeasuredBoot\0000000066-0000000005.log,32993
System,Windows Log Files,File,C:\Windows\Logs\MeasuredBoot\0000000066-0000000006.log,32993
System,Windows Log Files,File,C:\Windows\Logs\MeasuredBoot\0000000067-0000000000.log,76274
System,Windows Log Files,File,C:\Windows\Logs\MeasuredBoot\0000000068-0000000000.log,76274
System,Windows Log Files,File,C:\Windows\Logs\MeasuredBoot\0000000069-0000000000.log,76274
System,Windows Log Files,File,C:\Windows\Logs\DPX\setupact.log,37040291
System,Windows Log Files,File,C:\Windows\Logs\DPX\setuperr.log,0
System,Windows Log Files,File,C:\Windows\Logs\DISM\dism.log,118247
System,Windows Log Files,File,C:\Windows\Logs\CBS\CbsPersist_20251008022716.log,88914056
System,Windows Log Files,File,C:\Windows\ServiceProfiles\LocalService\AppData\Local\Temp\MpCmdRun.log,14586
System,Windows Log Files,File,C:\Windows\system32\config\systemprofile\AppData\Local\Microsoft\Windows\WebCache\V01.log,524288
System,Windows Log Files,File,C:\Windows\Microsoft.NET\Framework64\v4.0.30319\ngen.log,163557
System,Windows Log Files,File,C:\Windows\Microsoft.NET\Framework\v4.0.30319\ngen.log,146792
System,Windows Log Files,File,C:\Windows\Panther\UnattendGC\setupact.log,14557
System,Windows Log Files,File,C:\Windows\Panther\UnattendGC\setuperr.log,120
System,Windows Log Files,File,C:\Windows\SoftwareDistribution\DataStore\Logs\edb000DA.log,1310720
System,Windows Log Files,File,C:\Windows\SoftwareDistribution\DataStore\Logs\edb000DB.log,1310720
System,Windows Log Files,File,C:\Windows\SoftwareDistribution\DataStore\Logs\edb000DC.log,1310720
System,Windows Web Cache,File,C:\Windows\system32\config\systemprofile\AppData\LocalLow\Microsoft\CryptnetUrlCache\MetaData\026A86A161D256DBB33076EDF20C0E5E_8372263305412A8ACAD18CE348CFB7C8,492
System,Windows Web Cache,File,C:\Windows\system32\config\systemprofile\AppData\LocalLow\Microsoft\CryptnetUrlCache\MetaData\026A86A161D256DBB33076EDF20C0E5E_86AB612B21DEDF3B8CD155ED2E4114FF,492
System,Windows Web Cache,File,C:\Windows\system32\config\systemprofile\AppData\LocalLow\Microsoft\CryptnetUrlCache\MetaData\0270780F846F08BEFE0DD8112D932FEF,264
System,Windows Web Cache,File,C:\Windows\system32\config\systemprofile\AppData\LocalLow\Microsoft\CryptnetUrlCache\MetaData\07A7CCFBD28A674D95D3BF853C9007C6,290
System,Windows Web Cache,File,C:\Windows\system32\config\systemprofile\AppData\LocalLow\Microsoft\CryptnetUrlCache\MetaData\07CEF2F654E3ED6050FFC9B6EB844250_0A36A03C09DCEEA388C024E3D20B14B7,488
System,Windows Web Cache,File,C:\Windows\system32\config\systemprofile\AppData\LocalLow\Microsoft\CryptnetUrlCache\MetaData\07CEF2F654E3ED6050FFC9B6EB844250_6E4F36431D86962EFD432400DF65AC90,484
System,Windows Web Cache,File,C:\Windows\system32\config\systemprofile\AppData\LocalLow\Microsoft\CryptnetUrlCache\MetaData\07CEF2F654E3ED6050FFC9B6EB844250_D94F4A82266DCEDAC0F3F1BFD0843F4D,488
System,Windows Web Cache,File,C:\Windows\system32\config\systemprofile\AppData\LocalLow\Microsoft\CryptnetUrlCache\MetaData\07CEF2F654E3ED6050FFC9B6EB844250_E6095CD2AECC9011BCD0D7B421356B17,488
System,Windows Web Cache,File,C:\Windows\system32\config\systemprofile\AppData\LocalLow\Microsoft\CryptnetUrlCache\MetaData\093CB42092635CBCBD1EEE777DF944DC_D42D082B97361B488D191B44F79267FD,564
System,Windows Web Cache,File,C:\Windows\system32\config\systemprofile\AppData\LocalLow\Microsoft\CryptnetUrlCache\MetaData\0972B7C417F696E06E186AEB26286F01_08CDED0713E8C621183C8B2F6124E3E4,394
System,Windows Web Cache,File,C:\Windows\system32\config\systemprofile\AppData\LocalLow\Microsoft\CryptnetUrlCache\MetaData\0A47A12B5C7E1616F4B3AE939D5DF475,248
System,Windows Web Cache,File,C:\Windows\system32\config\systemprofile\AppData\LocalLow\Microsoft\CryptnetUrlCache\MetaData\0C4192D30B18CDC7E3B3AFB3E709D356,240
System,Windows Web Cache,File,C:\Windows\system32\config\systemprofile\AppData\LocalLow\Microsoft\CryptnetUrlCache\MetaData\0E0EA2CD61F757CEB5BB65FC2C758BF4_59B8C30534EA03831AD62B87D9D5F56A,400
System,Windows Web Cache,File,C:\Windows\system32\config\systemprofile\AppData\LocalLow\Microsoft\CryptnetUrlCache\MetaData\0E663C78920A8217B4CBE3D45E3E6236_045726EA1B933A760B8CC133649D0C2A,556
System,Windows Web Cache,File,C:\Windows\system32\config\systemprofile\AppData\LocalLow\Microsoft\CryptnetUrlCache\MetaData\0E663C78920A8217B4CBE3D45E3E6236_BBD5084620B6657428A2194536A2E1FD,560
System,Windows Web Cache,File,C:\Windows\system32\config\systemprofile\AppData\LocalLow\Microsoft\CryptnetUrlCache\MetaData\0F7788E201A03EF5036E7C8BF55432CB_BDA62707BA70CB0111D9E81215C5BF30,400
System,Windows Web Cache,File,C:\Windows\system32\config\systemprofile\AppData\LocalLow\Microsoft\CryptnetUrlCache\MetaData\103621DE9CD5414CC2538780B4B75751,192
System,Windows Web Cache,File,C:\Windows\system32\config\systemprofile\AppData\LocalLow\Microsoft\CryptnetUrlCache\MetaData\103E497CC28A174A9B7A2A96CAB452FA,294
System,Windows Web Cache,File,C:\Windows\system32\config\systemprofile\AppData\LocalLow\Microsoft\CryptnetUrlCache\MetaData\117308CCCD9C93758827D7CC85BB135E,348
System,Windows Web Cache,File,C:\Windows\system32\config\systemprofile\AppData\LocalLow\Microsoft\CryptnetUrlCache\MetaData\140D9F340B6DC510C8D6D2E269E09CB5,322
System,Windows Web Cache,File,C:\Windows\system32\config\systemprofile\AppData\LocalLow\Microsoft\CryptnetUrlCache\MetaData\15487D547B2D3FAFBE066DF9B4B3131C,248
System,Windows Web Cache,File,C:\Windows\system32\config\systemprofile\AppData\LocalLow\Microsoft\CryptnetUrlCache\MetaData\1591D5F7B0682312DEC3539E38F11DA5_62986DB075167AADAED6EB952CDDC0AA,408
System,Windows Web Cache,File,C:\Windows\system32\config\systemprofile\AppData\LocalLow\Microsoft\CryptnetUrlCache\MetaData\1591D5F7B0682312DEC3539E38F11DA5_C980A22DE634031CE134BCFE04B293B1,404
System,Windows Web Cache,File,C:\Windows\system32\config\systemprofile\AppData\LocalLow\Microsoft\CryptnetUrlCache\MetaData\1591D5F7B0682312DEC3539E38F11DA5_CCDDE54FC3B46C2DEE4161A67108EA61,404
System,Windows Web Cache,File,C:\Windows\system32\config\systemprofile\AppData\LocalLow\Microsoft\CryptnetUrlCache\MetaData\1591D5F7B0682312DEC3539E38F11DA5_CD616FB4416B0E94DDA6C4C4101236DF,404
System,Windows Web Cache,File,C:\Windows\system32\config\systemprofile\AppData\LocalLow\Microsoft\CryptnetUrlCache\MetaData\1591D5F7B0682312DEC3539E38F11DA5_D0DCA6AD150FE540039C1E636222D8B4,404
System,Windows Web Cache,File,C:\Windows\system32\config\systemprofile\AppData\LocalLow\Microsoft\CryptnetUrlCache\MetaData\18E6B4A57A6BC7EC9B861CDF2D6D0D02_C3B142D2C5374581DC2FDFFDEDBDEDDB,484
System,Windows Web Cache,File,C:\Windows\system32\config\systemprofile\AppData\LocalLow\Microsoft\CryptnetUrlCache\MetaData\18E6B4A57A6BC7EC9B861CDF2D6D0D02_EF52C1EC85F21F31CC0157A5C8803013,484
System,Windows Web Cache,File,C:\Windows\system32\config\systemprofile\AppData\LocalLow\Microsoft\CryptnetUrlCache\MetaData\1A374813EDB1A6631387E414D3E73232,306
System,Windows Web Cache,File,C:\Windows\system32\config\systemprofile\AppData\LocalLow\Microsoft\CryptnetUrlCache\MetaData\1B1401C7EC8E96BC79CBFD92F9DF762D_E35D496D1CD0B884BEBCAFED0FE61600,388
System,Windows Web Cache,File,C:\Windows\system32\config\systemprofile\AppData\LocalLow\Microsoft\CryptnetUrlCache\MetaData\206932163209AD483A44477E28192474,290
System,Windows Web Cache,File,C:\Windows\system32\config\systemprofile\AppData\LocalLow\Microsoft\CryptnetUrlCache\MetaData\229169D96B9C20761B929D428962A0A2_E724097EF7BBA8B1CB3228AA4D2ED312,420
System,Windows Web Cache,File,C:\Windows\system32\config\systemprofile\AppData\LocalLow\Microsoft\CryptnetUrlCache\MetaData\229169D96B9C20761B929D428962A0A2_FC65190A8D1232A1711F16F9F20C5149,412
System,Windows Web Cache,File,C:\Windows\system32\config\systemprofile\AppData\LocalLow\Microsoft\CryptnetUrlCache\MetaData\248DDD9FCF61002E219645695E3FFC98_36CE2BD2ACDA90B7847C4B986768AE7D,478
System,Windows Web Cache,File,C:\Windows\system32\config\systemprofile\AppData\LocalLow\Microsoft\CryptnetUrlCache\MetaData\25E619156D03FE9C805EBD0F3C6DBF43_D82AC734FEB7E864B20AD773CB37077B,490
System,Windows Web Cache,File,C:\Windows\system32\config\systemprofile\AppData\LocalLow\Microsoft\CryptnetUrlCache\MetaData\28C8ACF91E179C5DE98926E9427D85F6_2DFF1F66A3D41A158A358B914FFDD0DA,404
System,Windows Web Cache,File,C:\Windows\system32\config\systemprofile\AppData\LocalLow\Microsoft\CryptnetUrlCache\MetaData\2A7611428D62805A3E4E5BC4103D82E4_5DFDB51029B86E246C6BBA4B4F208E9A,400
System,Windows Web Cache,File,C:\Windows\system32\config\systemprofile\AppData\LocalLow\Microsoft\CryptnetUrlCache\MetaData\2A7611428D62805A3E4E5BC4103D82E4_E21F67AC23F9FBAD2D2155027D507F5D,396
System,Windows Web Cache,File,C:\Windows\system32\config\systemprofile\AppData\LocalLow\Microsoft\CryptnetUrlCache\MetaData\2F23D0F5E4D72862517E1CB26A329742_59C6B5742244136A08A70F9396A5A57A,404
System,Windows Web Cache,File,C:\Windows\system32\config\systemprofile\AppData\LocalLow\Microsoft\CryptnetUrlCache\MetaData\30069012ED3CF5DB92F9F4FC78D55E2D_F3E20C88E7D9AC7FFC9B7F8CCE793CAD,412
System,Windows Web Cache,File,C:\Windows\system32\config\systemprofile\AppData\LocalLow\Microsoft\CryptnetUrlCache\MetaData\3538626A1FCCCA43C7E18F220BDD9B02,330
System,Windows Web Cache,File,C:\Windows\system32\config\systemprofile\AppData\LocalLow\Microsoft\CryptnetUrlCache\MetaData\357F04AD41BCF5FE18FCB69F60C6680F_BAD8BD228B13C9DF66608FD7DB0F0439,536
System,Windows Web Cache,File,C:\Windows\system32\config\systemprofile\AppData\LocalLow\Microsoft\CryptnetUrlCache\MetaData\3781B4A3713292956206932165FA4132_55A8BF5A347D14FCDC217EA1B7209FC1,404
System,Windows Web Cache,File,C:\Windows\system32\config\systemprofile\AppData\LocalLow\Microsoft\CryptnetUrlCache\MetaData\3781B4A3713292956206932165FA4132_CF98B0CA32BF4059E0AD0F2EABE8489B,400
System,Windows Web Cache,File,C:\Windows\system32\config\systemprofile\AppData\LocalLow\Microsoft\CryptnetUrlCache\MetaData\378B079587A9184B2E2AB859CB263F40_524AD1B9B08D3C6450727265AE77B7D2,394
System,Windows Web Cache,File,C:\Windows\system32\config\systemprofile\AppData\LocalLow\Microsoft\CryptnetUrlCache\MetaData\38D10539991D1B84467F968981C3969D_3A58CFC115108405B8F1F6C1914449B7,488
System,Windows Web Cache,File,C:\Windows\system32\config\systemprofile\AppData\LocalLow\Microsoft\CryptnetUrlCache\MetaData\3AA0DCD5A74331FBD6F344550EC48B87_10ECB535DFF69467608D3624AB257DDC,476
System,Windows Web Cache,File,C:\Windows\system32\config\systemprofile\AppData\LocalLow\Microsoft\CryptnetUrlCache\MetaData\3AA0DCD5A74331FBD6F344550EC48B87_96DF4A6F6B0DC80C8F3A1F665C6770D3,484
System,Windows Web Cache,File,C:\Windows\system32\config\systemprofile\AppData\LocalLow\Microsoft\CryptnetUrlCache\MetaData\3B6E683A7A45CC59BF035C9BA8C7AB9D,306
System,Windows Web Cache,File,C:\Windows\system32\config\systemprofile\AppData\LocalLow\Microsoft\CryptnetUrlCache\MetaData\3C987C966D19B79B9D9F35B962FCC8FA,184
System,Windows Web Cache,File,C:\Windows\system32\config\systemprofile\AppData\LocalLow\Microsoft\CryptnetUrlCache\MetaData\3C9C1A2FF07C032D10909C7B11B4AAAA,266
System,Windows Web Cache,File,C:\Windows\system32\config\systemprofile\AppData\LocalLow\Microsoft\CryptnetUrlCache\MetaData\3D0AC26322348780E90E022EA217C58C,170
System,Windows Web Cache,File,C:\Windows\system32\config\systemprofile\AppData\LocalLow\Microsoft\CryptnetUrlCache\MetaData\40C68D5626484A90937F0752C8B950AB,180
System,Windows Web Cache,File,C:\Windows\system32\config\systemprofile\AppData\LocalLow\Microsoft\CryptnetUrlCache\MetaData\439F613B3D55693954E1B080DE3085B4_C4927E03400A4F6EDB9D613E6354F864,502
System,Windows Web Cache,File,C:\Windows\system32\config\systemprofile\AppData\LocalLow\Microsoft\CryptnetUrlCache\MetaData\46719718607ED1A8B6FFFFB36947FD2F_0BC58CAD2E10F6253D91E42FBDAA8927,396
System,Windows Web Cache,File,C:\Windows\system32\config\systemprofile\AppData\LocalLow\Microsoft\CryptnetUrlCache\MetaData\46719718607ED1A8B6FFFFB36947FD2F_76A2843FABB0604DBCEB5B0D937FD755,396
System,Windows Web Cache,File,C:\Windows\system32\config\systemprofile\AppData\LocalLow\Microsoft\CryptnetUrlCache\MetaData\49855FCDFA62840A2838AEF1EFAC3C9B,290
System,Windows Web Cache,File,C:\Windows\system32\config\systemprofile\AppData\LocalLow\Microsoft\CryptnetUrlCache\MetaData\4D8404427A196184A4B981C5CCDA3643,236
System,Windows Web Cache,File,C:\Windows\system32\config\systemprofile\AppData\LocalLow\Microsoft\CryptnetUrlCache\MetaData\5080DC7A65DB6A5960ECD874088F3328_79CFD3DF2894C4BFDA2ADFD6675FA18B,490
System,Windows Web Cache,File,C:\Windows\system32\config\systemprofile\AppData\LocalLow\Microsoft\CryptnetUrlCache\MetaData\5080DC7A65DB6A5960ECD874088F3328_BC00434159DAE8351451CCE9C748F5D7,490
System,Windows Web Cache,File,C:\Windows\system32\config\systemprofile\AppData\LocalLow\Microsoft\CryptnetUrlCache\MetaData\5080DC7A65DB6A5960ECD874088F3328_DA0AC6C3213D3F67EDAAEA42522AAD0D,400
System,Windows Web Cache,File,C:\Windows\system32\config\systemprofile\AppData\LocalLow\Microsoft\CryptnetUrlCache\MetaData\52C5398E159DA26A57E4F04DE0F8FD4D,198
System,Windows Web Cache,File,C:\Windows\system32\config\systemprofile\AppData\LocalLow\Microsoft\CryptnetUrlCache\MetaData\5457A8CE4B2A7499F8299A013B6E1C7C_CE50F893881D43DC0C815E4D80FAF2B4,398
System,Windows Web Cache,File,C:\Windows\system32\config\systemprofile\AppData\LocalLow\Microsoft\CryptnetUrlCache\MetaData\572BF21E454637C9F000BE1AF9B1E1A9,304
System,Windows Web Cache,File,C:\Windows\system32\config\systemprofile\AppData\LocalLow\Microsoft\CryptnetUrlCache\MetaData\5781E92BE36651A8ED64685F2F3CF507,228
System,Windows Web Cache,File,C:\Windows\system32\config\systemprofile\AppData\LocalLow\Microsoft\CryptnetUrlCache\MetaData\57C8EDB95DF3F0AD4EE2DC2B8CFD4157,342
System,Windows Web Cache,File,C:\Windows\system32\config\systemprofile\AppData\LocalLow\Microsoft\CryptnetUrlCache\MetaData\5BF987767EE121EB773E3E93D13C2F30_03CD2299090C0BB356909F3191F4A097,484
System,Windows Web Cache,File,C:\Windows\system32\config\systemprofile\AppData\LocalLow\Microsoft\CryptnetUrlCache\MetaData\5F26A2159BA21EA573A1C5E3DE2CF211_4A6B0B65ADF516E1B3A0ED47954EE7B9,488
System,Windows Web Cache,File,C:\Windows\system32\config\systemprofile\AppData\LocalLow\Microsoft\CryptnetUrlCache\MetaData\5F26A2159BA21EA573A1C5E3DE2CF211_7541962669C96CEAB06421EC12621007,484
System,Windows Web Cache,File,C:\Windows\system32\config\systemprofile\AppData\LocalLow\Microsoft\CryptnetUrlCache\MetaData\5F26A2159BA21EA573A1C5E3DE2CF211_E3375A509D9058F6A8FFB74D3B4E6F77,484
System,Windows Web Cache,File,C:\Windows\system32\config\systemprofile\AppData\LocalLow\Microsoft\CryptnetUrlCache\MetaData\5F26A2159BA21EA573A1C5E3DE2CF211_FB447FB420254EFA96E13F748F831E83,484
System,Windows Web Cache,File,C:\Windows\system32\config\systemprofile\AppData\LocalLow\Microsoft\CryptnetUrlCache\MetaData\616AD1AB067CFD351D6C0EF6F3E12F40,252
System,Windows Web Cache,File,C:\Windows\system32\config\systemprofile\AppData\LocalLow\Microsoft\CryptnetUrlCache\MetaData\630AE2A884AC3F3B1C00FFFD4230AF21,286
System,Windows Web Cache,File,C:\Windows\system32\config\systemprofile\AppData\LocalLow\Microsoft\CryptnetUrlCache\MetaData\6504E15D67FC3751C7F8FF13E320BD5E,318
System,Windows Web Cache,File,C:\Windows\system32\config\systemprofile\AppData\LocalLow\Microsoft\CryptnetUrlCache\MetaData\655B2ABBC057D891B8675F78CE059F06_07102C63DFE7C937B08DA24970634C82,424
System,Windows Web Cache,File,C:\Windows\system32\config\systemprofile\AppData\LocalLow\Microsoft\CryptnetUrlCache\MetaData\655B2ABBC057D891B8675F78CE059F06_6485EAA8A7B1BAA09CDE43740721AF07,408
System,Windows Web Cache,File,C:\Windows\system32\config\systemprofile\AppData\LocalLow\Microsoft\CryptnetUrlCache\MetaData\655B2ABBC057D891B8675F78CE059F06_BCD408F9060C469C993A591EAE875B29,408
System,Windows Web Cache,File,C:\Windows\system32\config\systemprofile\AppData\LocalLow\Microsoft\CryptnetUrlCache\MetaData\655B2ABBC057D891B8675F78CE059F06_FA2CA829EE3E1FB6D9F3846F663E23C1,408
System,Windows Web Cache,File,C:\Windows\system32\config\systemprofile\AppData\LocalLow\Microsoft\CryptnetUrlCache\MetaData\68441BE171A68BD1E29D6FEF2E6D3CAD,276
System,Windows Web Cache,File,C:\Windows\system32\config\systemprofile\AppData\LocalLow\Microsoft\CryptnetUrlCache\MetaData\68FAF71AF355126BCA00CE2E73CC7374_E5F521CA60C5ED8C2B4E2BF399FE2061,412
System,Windows Web Cache,File,C:\Windows\system32\config\systemprofile\AppData\LocalLow\Microsoft\CryptnetUrlCache\MetaData\698460A0B6E60F2F602361424D832905_7AA1872B10F7F2428A1288E96F0B99FA,400
System,Windows Web Cache,File,C:\Windows\system32\config\systemprofile\AppData\LocalLow\Microsoft\CryptnetUrlCache\MetaData\698460A0B6E60F2F602361424D832905_8BB23D43DE574E82F2BEE0DF0EC47EEB,400
System,Windows Web Cache,File,C:\Windows\system32\config\systemprofile\AppData\LocalLow\Microsoft\CryptnetUrlCache\MetaData\6CFEA0E89A60F49C87661D7F2BDD3AD0,274
System,Windows Web Cache,File,C:\Windows\system32\config\systemprofile\AppData\LocalLow\Microsoft\CryptnetUrlCache\MetaData\6DB145CFEEC544B1582FED1ADA3370DD,246
System,Windows Web Cache,File,C:\Windows\system32\config\systemprofile\AppData\LocalLow\Microsoft\CryptnetUrlCache\MetaData\6E47DC54834F661FE77B461D2DF73D9D,250
System,Windows Web Cache,File,C:\Windows\system32\config\systemprofile\AppData\LocalLow\Microsoft\CryptnetUrlCache\MetaData\7423F88C7F265F0DEFC08EA88C3BDE45_AA1E8580D4EBC816148CE81268683776,404
System,Windows Web Cache,File,C:\Windows\system32\config\systemprofile\AppData\LocalLow\Microsoft\CryptnetUrlCache\MetaData\77003E887FC21E505B9E28CBA30E18ED_8ACE642DC0A43382FABA7AE806561A50,556
System,Windows Web Cache,File,C:\Windows\system32\config\systemprofile\AppData\LocalLow\Microsoft\CryptnetUrlCache\MetaData\77EC63BDA74BD0D0E0426DC8F8008506,290
System,Windows Web Cache,File,C:\Windows\system32\config\systemprofile\AppData\LocalLow\Microsoft\CryptnetUrlCache\MetaData\7850C7BAFAC9456B4B92328A61976502_D0B78FAD5B1A9426C54092D311AFB2D1,560
System,Windows Web Cache,File,C:\Windows\system32\config\systemprofile\AppData\LocalLow\Microsoft\CryptnetUrlCache\MetaData\7872B20D8C4438D3BD1410925AAD4FD6,308
System,Windows Web Cache,File,C:\Windows\system32\config\systemprofile\AppData\LocalLow\Microsoft\CryptnetUrlCache\MetaData\79841F8EF00FBA86D33CC5A47696F165,216
System,Windows Web Cache,File,C:\Windows\system32\config\systemprofile\AppData\LocalLow\Microsoft\CryptnetUrlCache\MetaData\7D11549FC90445E1CE90F96A21958A17_1E2E8C14D1B2DD8C6C2EEF10E9A88195,486
System,Windows Web Cache,File,C:\Windows\system32\config\systemprofile\AppData\LocalLow\Microsoft\CryptnetUrlCache\MetaData\7D11549FC90445E1CE90F96A21958A17_516138F4AAC306498705F5834F0D4D54,486
System,Windows Web Cache,File,C:\Windows\system32\config\systemprofile\AppData\LocalLow\Microsoft\CryptnetUrlCache\MetaData\7D266D9E1E69FA1EEFB9699B009B34C8_0A9BFDD75B598C2110CBF610C078E6E6,404
System,Windows Web Cache,File,C:\Windows\system32\config\systemprofile\AppData\LocalLow\Microsoft\CryptnetUrlCache\MetaData\856FDBDDFEAC90A3D62D621EBF196637,178
System,Windows Web Cache,File,C:\Windows\system32\config\systemprofile\AppData\LocalLow\Microsoft\CryptnetUrlCache\MetaData\86844F70250DD8EF225D6B4178798C21_1FB605FD2412C4F94AD934D8134A28AC,560
System,Windows Web Cache,File,C:\Windows\system32\config\systemprofile\AppData\LocalLow\Microsoft\CryptnetUrlCache\MetaData\86844F70250DD8EF225D6B4178798C21_2CDE88B3CC9A35A2EA16DC0201366139,560
System,Windows Web Cache,File,C:\Windows\system32\config\systemprofile\AppData\LocalLow\Microsoft\CryptnetUrlCache\MetaData\86844F70250DD8EF225D6B4178798C21_44AD5D0C299F1D4EE038B125B5E5863A,560
System,Windows Web Cache,File,C:\Windows\system32\config\systemprofile\AppData\LocalLow\Microsoft\CryptnetUrlCache\MetaData\86844F70250DD8EF225D6B4178798C21_ACC1A26A3F5A815A00C8D5589432921F,564
System,Windows Web Cache,File,C:\Windows\system32\config\systemprofile\AppData\LocalLow\Microsoft\CryptnetUrlCache\MetaData\8757A0F68C921927F887F6D56B2C1640_711B0FFDF677284507E7F65614F211FA,396
System,Windows Web Cache,File,C:\Windows\system32\config\systemprofile\AppData\LocalLow\Microsoft\CryptnetUrlCache\MetaData\8828F39C7C0CE9A14B25C7EB321181BA_3DF94EB797096674F7793A562A778C5F,392
System,Windows Web Cache,File,C:\Windows\system32\config\systemprofile\AppData\LocalLow\Microsoft\CryptnetUrlCache\MetaData\8A9510437CB4EEB09F4B3AC2BC980E19,208
System,Windows Web Cache,File,C:\Windows\system32\config\systemprofile\AppData\LocalLow\Microsoft\CryptnetUrlCache\MetaData\8BD11C4A2318EC8E5A82462092971DEA,204
System,Windows Web Cache,File,C:\Windows\system32\config\systemprofile\AppData\LocalLow\Microsoft\CryptnetUrlCache\MetaData\8DFDF057024880D7A081AFBF6D26B92F,188
System,Windows Web Cache,File,C:\Windows\system32\config\systemprofile\AppData\LocalLow\Microsoft\CryptnetUrlCache\MetaData\8EA5A12DFB61A04911CAB3605AD9FAD9_F3FB8768F94DA47D7D016A63A2340CA9,476
System,Windows Web Cache,File,C:\Windows\system32\config\systemprofile\AppData\LocalLow\Microsoft\CryptnetUrlCache\MetaData\8EB35376744F392396307460D546222D_76305FF229A49FC97C9ABEA1A31BA7A9,398
System,Windows Web Cache,File,C:\Windows\system32\config\systemprofile\AppData\LocalLow\Microsoft\CryptnetUrlCache\MetaData\94D451DDCFFF94F1A6B8406468FA3558_4153D76C26F33196FBC8A8AE835AB7C4,410
System,Windows Web Cache,File,C:\Windows\system32\config\systemprofile\AppData\LocalLow\Microsoft\CryptnetUrlCache\MetaData\94D451DDCFFF94F1A6B8406468FA3558_E4A7C6A10F816F002B00DE3B58B7E44E,406
System,Windows Web Cache,File,C:\Windows\system32\config\systemprofile\AppData\LocalLow\Microsoft\CryptnetUrlCache\MetaData\94D97B1EC1F43DD6ED4FE7AB95E144BC_5876A5CFC030F791A83879D40A9D4637,556
System,Windows Web Cache,File,C:\Windows\system32\config\systemprofile\AppData\LocalLow\Microsoft\CryptnetUrlCache\MetaData\94D97B1EC1F43DD6ED4FE7AB95E144BC_6CAFA73080DB330D28C30E8B8A4DBF27,556
System,Windows Web Cache,File,C:\Windows\system32\config\systemprofile\AppData\LocalLow\Microsoft\CryptnetUrlCache\MetaData\94D97B1EC1F43DD6ED4FE7AB95E144BC_9E5DF734261AB40430B19287CD5D1466,560
System,Windows Web Cache,File,C:\Windows\system32\config\systemprofile\AppData\LocalLow\Microsoft\CryptnetUrlCache\MetaData\95A7979A07314DCE9A6C0B392A677717,264
System,Windows Web Cache,File,C:\Windows\system32\config\systemprofile\AppData\LocalLow\Microsoft\CryptnetUrlCache\MetaData\971E98FB192CF25D1FBA2923458B97CB,272
System,Windows Web Cache,File,C:\Windows\system32\config\systemprofile\AppData\LocalLow\Microsoft\CryptnetUrlCache\MetaData\991F383F0AD298067B7400BAFF5D2AF4_786969D2DCA6272C3AE53C5D08A7BAC3,400
System,Windows Web Cache,File,C:\Windows\system32\config\systemprofile\AppData\LocalLow\Microsoft\CryptnetUrlCache\MetaData\991F383F0AD298067B7400BAFF5D2AF4_957067FA41CCE10314261A0D7F45AFD4,478
System,Windows Web Cache,File,C:\Windows\system32\config\systemprofile\AppData\LocalLow\Microsoft\CryptnetUrlCache\MetaData\991F383F0AD298067B7400BAFF5D2AF4_ACCFEB6931A82E5E68C9C64B3D3C686F,400
System,Windows Web Cache,File,C:\Windows\system32\config\systemprofile\AppData\LocalLow\Microsoft\CryptnetUrlCache\MetaData\991F383F0AD298067B7400BAFF5D2AF4_AE7BEFAFE778332B6729A9FA64E7C921,400
System,Windows Web Cache,File,C:\Windows\system32\config\systemprofile\AppData\LocalLow\Microsoft\CryptnetUrlCache\MetaData\991F383F0AD298067B7400BAFF5D2AF4_B72E7AE757A1939AF12AC80D13AA164A,478
System,Windows Web Cache,File,C:\Windows\system32\config\systemprofile\AppData\LocalLow\Microsoft\CryptnetUrlCache\MetaData\991F383F0AD298067B7400BAFF5D2AF4_E5E2ACF8D8108BA9724CAB411D4E3D60,404
System,Windows Web Cache,File,C:\Windows\system32\config\systemprofile\AppData\LocalLow\Microsoft\CryptnetUrlCache\MetaData\991F383F0AD298067B7400BAFF5D2AF4_E811ED87FE09C0C41E4F5C81B8CB5CD8,400
System,Windows Web Cache,File,C:\Windows\system32\config\systemprofile\AppData\LocalLow\Microsoft\CryptnetUrlCache\MetaData\991F383F0AD298067B7400BAFF5D2AF4_F19EF6FF9B548130480CDB468327196F,478
System,Windows Web Cache,File,C:\Windows\system32\config\systemprofile\AppData\LocalLow\Microsoft\CryptnetUrlCache\MetaData\9A19ADAD9D098E039450ABBEDD5616EB_2B110E9BF3E4F6F33711EA90D07224A3,406
System,Windows Web Cache,File,C:\Windows\system32\config\systemprofile\AppData\LocalLow\Microsoft\CryptnetUrlCache\MetaData\9A19ADAD9D098E039450ABBEDD5616EB_B9F0D245B583E8691D465149385B785D,394
System,Windows Web Cache,File,C:\Windows\system32\config\systemprofile\AppData\LocalLow\Microsoft\CryptnetUrlCache\MetaData\9BF37F0420C284443FE1ABC059F872DD,320
System,Windows Web Cache,File,C:\Windows\system32\config\systemprofile\AppData\LocalLow\Microsoft\CryptnetUrlCache\MetaData\9CB4373A4252DE8D2212929836304EC5_1AB74AA2E3A56E1B8AD8D3FEC287554E,536
System,Windows Web Cache,File,C:\Windows\system32\config\systemprofile\AppData\LocalLow\Microsoft\CryptnetUrlCache\MetaData\9E5AF9A59B2A0198F537F5F6F7EBA776_57ABCF7C80DDF20409A123C0B25EDA1D,496
System,Windows Web Cache,File,C:\Windows\system32\config\systemprofile\AppData\LocalLow\Microsoft\CryptnetUrlCache\MetaData\9EC3B71635F8BA3FC68DE181A104A0EF_10CFC0D4C45D2E76B7EA49C8C22BEDFE,416
System,Windows Web Cache,File,C:\Windows\system32\config\systemprofile\AppData\LocalLow\Microsoft\CryptnetUrlCache\MetaData\A1D081444CB78738D27006805ADF7CF6,240
System,Windows Web Cache,File,C:\Windows\system32\config\systemprofile\AppData\LocalLow\Microsoft\CryptnetUrlCache\MetaData\A334956C3F99BD182BF4859935BADE72_925A0286269529E9A1D884A0357A3E3B,476
System,Windows Web Cache,File,C:\Windows\system32\config\systemprofile\AppData\LocalLow\Microsoft\CryptnetUrlCache\MetaData\A334956C3F99BD182BF4859935BADE72_FACA7E02B2152427A5B3C5BC1AC9CE92,480
System,Windows Web Cache,File,C:\Windows\system32\config\systemprofile\AppData\LocalLow\Microsoft\CryptnetUrlCache\MetaData\A3D5BF1283C2E63D8C8A8C72F0051F5A,178
System,Windows Web Cache,File,C:\Windows\system32\config\systemprofile\AppData\LocalLow\Microsoft\CryptnetUrlCache\MetaData\A422AF1746E309CBF0BF6DA9ABA7602B,270
System,Windows Web Cache,File,C:\Windows\system32\config\systemprofile\AppData\LocalLow\Microsoft\CryptnetUrlCache\MetaData\A6D8662C7600817D67B3C1A03BC53A1B,216
System,Windows Web Cache,File,C:\Windows\system32\config\systemprofile\AppData\LocalLow\Microsoft\CryptnetUrlCache\MetaData\A76F24BEACC5A31C76BB70908923C3E0,290
System,Windows Web Cache,File,C:\Windows\system32\config\systemprofile\AppData\LocalLow\Microsoft\CryptnetUrlCache\MetaData\A89DFCC31C360BA5CBD616749B1B1C5D,170
System,Windows Web Cache,File,C:\Windows\system32\config\systemprofile\AppData\LocalLow\Microsoft\CryptnetUrlCache\MetaData\A90AB99B5CC057007BC33B2303FE2710,226
System,Windows Web Cache,File,C:\Windows\system32\config\systemprofile\AppData\LocalLow\Microsoft\CryptnetUrlCache\MetaData\A9B13BCD41ACB49316A37129BE941FFA_4F3F7BA6A5533E9785AD5B95B8F96F3D,536
System,Windows Web Cache,File,C:\Windows\system32\config\systemprofile\AppData\LocalLow\Microsoft\CryptnetUrlCache\MetaData\A9B13BCD41ACB49316A37129BE941FFA_AE784DC67D2920BCC1BCEDEAF52B2491,536
System,Windows Web Cache,File,C:\Windows\system32\config\systemprofile\AppData\LocalLow\Microsoft\CryptnetUrlCache\MetaData\AEACCDA8653DD8D7B2EA32F21D15D44F_05D81B53AC323447B65F0BEF58315ECA,484
System,Windows Web Cache,File,C:\Windows\system32\config\systemprofile\AppData\LocalLow\Microsoft\CryptnetUrlCache\MetaData\AEACCDA8653DD8D7B2EA32F21D15D44F_06C93241B0E63B9DC7503E92E68915C5,488
System,Windows Web Cache,File,C:\Windows\system32\config\systemprofile\AppData\LocalLow\Microsoft\CryptnetUrlCache\MetaData\AEACCDA8653DD8D7B2EA32F21D15D44F_1261262D142EAF0DFABF85DAE7901344,562
System,Windows Web Cache,File,C:\Windows\system32\config\systemprofile\AppData\LocalLow\Microsoft\CryptnetUrlCache\MetaData\AEACCDA8653DD8D7B2EA32F21D15D44F_13B5F1D4EDD751A562845DE3E9EAD8AB,488
System,Windows Web Cache,File,C:\Windows\system32\config\systemprofile\AppData\LocalLow\Microsoft\CryptnetUrlCache\MetaData\AEACCDA8653DD8D7B2EA32F21D15D44F_57394BB6670A518A05E6A196815734E0,488
System,Windows Web Cache,File,C:\Windows\system32\config\systemprofile\AppData\LocalLow\Microsoft\CryptnetUrlCache\MetaData\AEACCDA8653DD8D7B2EA32F21D15D44F_FCF9C3407403AB283AAC731AFFFF097C,484
System,Windows Web Cache,File,C:\Windows\system32\config\systemprofile\AppData\LocalLow\Microsoft\CryptnetUrlCache\MetaData\AF360AACB1570042DEFBC833317997D0_09FFB83F6955BBB6D0290CA2EEF01C09,544
System,Windows Web Cache,File,C:\Windows\system32\config\systemprofile\AppData\LocalLow\Microsoft\CryptnetUrlCache\MetaData\B2FAF7692FD9FFBD64EDE317E42334BA_93702E680A5530C052C8D2BA33A2225F,482
System,Windows Web Cache,File,C:\Windows\system32\config\systemprofile\AppData\LocalLow\Microsoft\CryptnetUrlCache\MetaData\B2FAF7692FD9FFBD64EDE317E42334BA_D7393C8F62BDE4D4CB606228BC7A711E,482
System,Windows Web Cache,File,C:\Windows\system32\config\systemprofile\AppData\LocalLow\Microsoft\CryptnetUrlCache\MetaData\B59C386ACF967256F47CEB4C030EC6CA_0AFE72CC82FEC870B3FAD8B020D2256C,484
System,Windows Web Cache,File,C:\Windows\system32\config\systemprofile\AppData\LocalLow\Microsoft\CryptnetUrlCache\MetaData\BA74182F76F15A9CF514DEF352303C95,248
System,Windows Web Cache,File,C:\Windows\system32\config\systemprofile\AppData\LocalLow\Microsoft\CryptnetUrlCache\MetaData\BAEBE581FCB73249406FC21094EA252E_BC0CE803EF41A748738619ED7838EEFC,408
System,Windows Web Cache,File,C:\Windows\system32\config\systemprofile\AppData\LocalLow\Microsoft\CryptnetUrlCache\MetaData\BB06C0093717B8F556D7ECBB4720787E,170
System,Windows Web Cache,File,C:\Windows\system32\config\systemprofile\AppData\LocalLow\Microsoft\CryptnetUrlCache\MetaData\BD96F9183ADE69B6DF458457F594566C_7512FB465A16A029DDEB881A3247FF86,568
System,Windows Web Cache,File,C:\Windows\system32\config\systemprofile\AppData\LocalLow\Microsoft\CryptnetUrlCache\MetaData\BD96F9183ADE69B6DF458457F594566C_FD8F032EDA76165E8770C490C9C31E60,572
System,Windows Web Cache,File,C:\Windows\system32\config\systemprofile\AppData\LocalLow\Microsoft\CryptnetUrlCache\MetaData\C3E814D1CB223AFCD58214D14C3B7EAB,210
System,Windows Web Cache,File,C:\Windows\system32\config\systemprofile\AppData\LocalLow\Microsoft\CryptnetUrlCache\MetaData\C56C4404C4DEF0DC88E5FCD9F09CB2F1,308
System,Windows Web Cache,File,C:\Windows\system32\config\systemprofile\AppData\LocalLow\Microsoft\CryptnetUrlCache\MetaData\C8E2214E9FA148D96032C085E0F24C1C_D628455E9CDB628FF1D0F38F29C647DE,424
System,Windows Web Cache,File,C:\Windows\system32\config\systemprofile\AppData\LocalLow\Microsoft\CryptnetUrlCache\MetaData\C8E534EE129F27D55460CE17FD628216_64A201640BD8E31E72E33FB1EBF9962D,416
System,Windows Web Cache,File,C:\Windows\system32\config\systemprofile\AppData\LocalLow\Microsoft\CryptnetUrlCache\MetaData\C8E7EC0C85688F4738F3BE49B104BA67,186
System,Windows Web Cache,File,C:\Windows\system32\config\systemprofile\AppData\LocalLow\Microsoft\CryptnetUrlCache\MetaData\CB16DD75F7623D9073BA078182A01CDD_09703D14946942165663D44F91DEFE18,404
System,Windows Web Cache,File,C:\Windows\system32\config\systemprofile\AppData\LocalLow\Microsoft\CryptnetUrlCache\MetaData\CC42971B7939A9CA55C44CFC893D7C1D,322
System,Windows Web Cache,File,C:\Windows\system32\config\systemprofile\AppData\LocalLow\Microsoft\CryptnetUrlCache\MetaData\D11D344B113EDD68CC93935CE9B7748B,306
System,Windows Web Cache,File,C:\Windows\system32\config\systemprofile\AppData\LocalLow\Microsoft\CryptnetUrlCache\MetaData\D2B5168CDD0EBF4C0C8EA1C3A1FAE07F_0BD4B52BAFE37F9D63C6BB55E42BD389,502
System,Windows Web Cache,File,C:\Windows\system32\config\systemprofile\AppData\LocalLow\Microsoft\CryptnetUrlCache\MetaData\D7833C286363AD25C70511661A83D581_010395C7B556E25DA6DC5C45B5DFC7AA,480
System,Windows Web Cache,File,C:\Windows\system32\config\systemprofile\AppData\LocalLow\Microsoft\CryptnetUrlCache\MetaData\D7833C286363AD25C70511661A83D581_11E234DC39964BB2D2F93557C4C2BA9D,480
System,Windows Web Cache,File,C:\Windows\system32\config\systemprofile\AppData\LocalLow\Microsoft\CryptnetUrlCache\MetaData\D7833C286363AD25C70511661A83D581_25E174F5AAE4A14F0B1F7C181A35BBDD,484
System,Windows Web Cache,File,C:\Windows\system32\config\systemprofile\AppData\LocalLow\Microsoft\CryptnetUrlCache\MetaData\D7833C286363AD25C70511661A83D581_581E8676303FE40301898F4340CC1FDE,492
System,Windows Web Cache,File,C:\Windows\system32\config\systemprofile\AppData\LocalLow\Microsoft\CryptnetUrlCache\MetaData\D7833C286363AD25C70511661A83D581_844BD50C7BB6F89443F1BDC3AD143C51,488
System,Windows Web Cache,File,C:\Windows\system32\config\systemprofile\AppData\LocalLow\Microsoft\CryptnetUrlCache\MetaData\D7833C286363AD25C70511661A83D581_8F1DEF15D9C492BED24B0068F62BCE39,484
System,Windows Web Cache,File,C:\Windows\system32\config\systemprofile\AppData\LocalLow\Microsoft\CryptnetUrlCache\MetaData\D7833C286363AD25C70511661A83D581_EEA8C00C159B4268AA1C42B45BFD8CF5,484
System,Windows Web Cache,File,C:\Windows\system32\config\systemprofile\AppData\LocalLow\Microsoft\CryptnetUrlCache\MetaData\D7C5C79D5EA2EAA218D5C63883951605,270
System,Windows Web Cache,File,C:\Windows\system32\config\systemprofile\AppData\LocalLow\Microsoft\CryptnetUrlCache\MetaData\D84E548583BE1EE7DB5A935821009D26_1070D8A1DE1737B040B2F83EA6FA69E1,494
System,Windows Web Cache,File,C:\Windows\system32\config\systemprofile\AppData\LocalLow\Microsoft\CryptnetUrlCache\MetaData\D84E548583BE1EE7DB5A935821009D26_5B98B6CD6E69202676965CF5B0E2A7A7,416
System,Windows Web Cache,File,C:\Windows\system32\config\systemprofile\AppData\LocalLow\Microsoft\CryptnetUrlCache\MetaData\D9D1B23D8271BCBFB5C2E6E3DB3E5DE6,292
System,Windows Web Cache,File,C:\Windows\system32\config\systemprofile\AppData\LocalLow\Microsoft\CryptnetUrlCache\MetaData\DA3B6E45325D5FFF28CF6BAD6065C907_0C6EE2A6537EE6F1FBF1756A307CE7CA,412
System,Windows Web Cache,File,C:\Windows\system32\config\systemprofile\AppData\LocalLow\Microsoft\CryptnetUrlCache\MetaData\DA3B6E45325D5FFF28CF6BAD6065C907_94FAF4007D97DD988E34ECDCFF463840,408
System,Windows Web Cache,File,C:\Windows\system32\config\systemprofile\AppData\LocalLow\Microsoft\CryptnetUrlCache\MetaData\DA3B6E45325D5FFF28CF6BAD6065C907_FA234383376BC394CB9295300933C29D,408
System,Windows Web Cache,File,C:\Windows\system32\config\systemprofile\AppData\LocalLow\Microsoft\CryptnetUrlCache\MetaData\DE0101390D8E4B74E3DD39ACA5B00000_2AE6897EBC3DDF58FEA86C7091FB3350,404
System,Windows Web Cache,File,C:\Windows\system32\config\systemprofile\AppData\LocalLow\Microsoft\CryptnetUrlCache\MetaData\DE0101390D8E4B74E3DD39ACA5B00000_4A42F055DB2BD74A8DFD7CDEB7ECB013,400
System,Windows Web Cache,File,C:\Windows\system32\config\systemprofile\AppData\LocalLow\Microsoft\CryptnetUrlCache\MetaData\DE0101390D8E4B74E3DD39ACA5B00000_613470AE6F9E391DC75E1A4F4B514135,400
System,Windows Web Cache,File,C:\Windows\system32\config\systemprofile\AppData\LocalLow\Microsoft\CryptnetUrlCache\MetaData\DE0101390D8E4B74E3DD39ACA5B00000_FF1AFF227868F2661832425CECEE2618,396
System,Windows Web Cache,File,C:\Windows\system32\config\systemprofile\AppData\LocalLow\Microsoft\CryptnetUrlCache\MetaData\E1C0F8E942A6D5F73B8170711A292354,340
System,Windows Web Cache,File,C:\Windows\system32\config\systemprofile\AppData\LocalLow\Microsoft\CryptnetUrlCache\MetaData\E2C6CBAF0AF08CF203BA74BF0D0AB6D5_6372E0472AFF76BB926C97818BC773B9,420
System,Windows Web Cache,File,C:\Windows\system32\config\systemprofile\AppData\LocalLow\Microsoft\CryptnetUrlCache\MetaData\EA618097E393409AFA316F0F87E2C202_D620C07D0DD01583926B76876728A36D,402
System,Windows Web Cache,File,C:\Windows\system32\config\systemprofile\AppData\LocalLow\Microsoft\CryptnetUrlCache\MetaData\EA618097E393409AFA316F0F87E2C202_DD6F71B844CB65361FAB602C4C0DB2FF,398
System,Windows Web Cache,File,C:\Windows\system32\config\systemprofile\AppData\LocalLow\Microsoft\CryptnetUrlCache\MetaData\ECF3006D44DA211141391220EE5049F4,170
System,Windows Web Cache,File,C:\Windows\system32\config\systemprofile\AppData\LocalLow\Microsoft\CryptnetUrlCache\MetaData\F234AF16A662E2448E049CAD14C6D675,248
System,Windows Web Cache,File,C:\Windows\system32\config\systemprofile\AppData\LocalLow\Microsoft\CryptnetUrlCache\MetaData\F4EA555947766F67C3BB52DEDFD509C5,244
System,Windows Web Cache,File,C:\Windows\system32\config\systemprofile\AppData\LocalLow\Microsoft\CryptnetUrlCache\MetaData\FA0E447C3E79584EC91182C66BBD2DB7,300
System,Windows Web Cache,File,C:\Windows\system32\config\systemprofile\AppData\LocalLow\Microsoft\CryptnetUrlCache\MetaData\FB0D848F74F70BB2EAA93746D24D9749,330
System,Windows Web Cache,File,C:\Windows\system32\config\systemprofile\AppData\LocalLow\Microsoft\CryptnetUrlCache\MetaData\FC68FB72D4FBC7E0F151BC2282D75E47_367FA2447481C3DB640CE44BE2E5A181,408
System,Windows Web Cache,File,C:\Windows\system32\config\systemprofile\AppData\LocalLow\Microsoft\CryptnetUrlCache\MetaData\FC68FB72D4FBC7E0F151BC2282D75E47_EFF751FA53ED9A4EB1696054082E006F,404
System,Windows Web Cache,File,C:\Windows\system32\config\systemprofile\AppData\LocalLow\Microsoft\CryptnetUrlCache\MetaData\FC68FB72D4FBC7E0F151BC2282D75E47_F73B6DB25D4C7355D7EFBAA2A3C23638,404
System,Windows Web Cache,File,C:\Windows\system32\config\systemprofile\AppData\LocalLow\Microsoft\CryptnetUrlCache\MetaData\FE70EB9EF1676B9A470CBE90336E8C47,212
System,Windows Web Cache,File,C:\Windows\system32\config\systemprofile\AppData\LocalLow\Microsoft\CryptnetUrlCache\Content\026A86A161D256DBB33076EDF20C0E5E_8372263305412A8ACAD18CE348CFB7C8,2241
System,Windows Web Cache,File,C:\Windows\system32\config\systemprofile\AppData\LocalLow\Microsoft\CryptnetUrlCache\Content\026A86A161D256DBB33076EDF20C0E5E_86AB612B21DEDF3B8CD155ED2E4114FF,2241
System,Windows Web Cache,File,C:\Windows\system32\config\systemprofile\AppData\LocalLow\Microsoft\CryptnetUrlCache\Content\0270780F846F08BEFE0DD8112D932FEF,740
System,Windows Web Cache,File,C:\Windows\system32\config\systemprofile\AppData\LocalLow\Microsoft\CryptnetUrlCache\Content\07A7CCFBD28A674D95D3BF853C9007C6,10366
System,Windows Web Cache,File,C:\Windows\system32\config\systemprofile\AppData\LocalLow\Microsoft\CryptnetUrlCache\Content\07CEF2F654E3ED6050FFC9B6EB844250_0A36A03C09DCEEA388C024E3D20B14B7,2236
System,Windows Web Cache,File,C:\Windows\system32\config\systemprofile\AppData\LocalLow\Microsoft\CryptnetUrlCache\Content\07CEF2F654E3ED6050FFC9B6EB844250_6E4F36431D86962EFD432400DF65AC90,2237
System,Windows Web Cache,File,C:\Windows\system32\config\systemprofile\AppData\LocalLow\Microsoft\CryptnetUrlCache\Content\07CEF2F654E3ED6050FFC9B6EB844250_D94F4A82266DCEDAC0F3F1BFD0843F4D,2236
System,Windows Web Cache,File,C:\Windows\system32\config\systemprofile\AppData\LocalLow\Microsoft\CryptnetUrlCache\Content\07CEF2F654E3ED6050FFC9B6EB844250_E6095CD2AECC9011BCD0D7B421356B17,2236
System,Windows Web Cache,File,C:\Windows\system32\config\systemprofile\AppData\LocalLow\Microsoft\CryptnetUrlCache\Content\093CB42092635CBCBD1EEE777DF944DC_D42D082B97361B488D191B44F79267FD,1858
System,Windows Web Cache,File,C:\Windows\system32\config\systemprofile\AppData\LocalLow\Microsoft\CryptnetUrlCache\Content\0972B7C417F696E06E186AEB26286F01_08CDED0713E8C621183C8B2F6124E3E4,5
System,Windows Web Cache,File,C:\Windows\system32\config\systemprofile\AppData\LocalLow\Microsoft\CryptnetUrlCache\Content\0A47A12B5C7E1616F4B3AE939D5DF475,482
System,Windows Web Cache,File,C:\Windows\system32\config\systemprofile\AppData\LocalLow\Microsoft\CryptnetUrlCache\Content\0C4192D30B18CDC7E3B3AFB3E709D356,9258
System,Windows Web Cache,File,C:\Windows\system32\config\systemprofile\AppData\LocalLow\Microsoft\CryptnetUrlCache\Content\0E0EA2CD61F757CEB5BB65FC2C758BF4_59B8C30534EA03831AD62B87D9D5F56A,727
System,Windows Web Cache,File,C:\Windows\system32\config\systemprofile\AppData\LocalLow\Microsoft\CryptnetUrlCache\Content\0E663C78920A8217B4CBE3D45E3E6236_045726EA1B933A760B8CC133649D0C2A,2067
System,Windows Web Cache,File,C:\Windows\system32\config\systemprofile\AppData\LocalLow\Microsoft\CryptnetUrlCache\Content\0E663C78920A8217B4CBE3D45E3E6236_BBD5084620B6657428A2194536A2E1FD,2067
System,Windows Web Cache,File,C:\Windows\system32\config\systemprofile\AppData\LocalLow\Microsoft\CryptnetUrlCache\Content\0F7788E201A03EF5036E7C8BF55432CB_BDA62707BA70CB0111D9E81215C5BF30,471
System,Windows Web Cache,File,C:\Windows\system32\config\systemprofile\AppData\LocalLow\Microsoft\CryptnetUrlCache\Content\103621DE9CD5414CC2538780B4B75751,734
System,Windows Web Cache,File,C:\Windows\system32\config\systemprofile\AppData\LocalLow\Microsoft\CryptnetUrlCache\Content\103E497CC28A174A9B7A2A96CAB452FA,738
System,Windows Web Cache,File,C:\Windows\system32\config\systemprofile\AppData\LocalLow\Microsoft\CryptnetUrlCache\Content\117308CCCD9C93758827D7CC85BB135E,913
System,Windows Web Cache,File,C:\Windows\system32\config\systemprofile\AppData\LocalLow\Microsoft\CryptnetUrlCache\Content\140D9F340B6DC510C8D6D2E269E09CB5,752
System,Windows Web Cache,File,C:\Windows\system32\config\systemprofile\AppData\LocalLow\Microsoft\CryptnetUrlCache\Content\15487D547B2D3FAFBE066DF9B4B3131C,108849
System,Windows Web Cache,File,C:\Windows\system32\config\systemprofile\AppData\LocalLow\Microsoft\CryptnetUrlCache\Content\1591D5F7B0682312DEC3539E38F11DA5_62986DB075167AADAED6EB952CDDC0AA,727
System,Windows Web Cache,File,C:\Windows\system32\config\systemprofile\AppData\LocalLow\Microsoft\CryptnetUrlCache\Content\1591D5F7B0682312DEC3539E38F11DA5_C980A22DE634031CE134BCFE04B293B1,727
System,Windows Web Cache,File,C:\Windows\system32\config\systemprofile\AppData\LocalLow\Microsoft\CryptnetUrlCache\Content\1591D5F7B0682312DEC3539E38F11DA5_CCDDE54FC3B46C2DEE4161A67108EA61,727
System,Windows Web Cache,File,C:\Windows\system32\config\systemprofile\AppData\LocalLow\Microsoft\CryptnetUrlCache\Content\1591D5F7B0682312DEC3539E38F11DA5_CD616FB4416B0E94DDA6C4C4101236DF,727
System,Windows Web Cache,File,C:\Windows\system32\config\systemprofile\AppData\LocalLow\Microsoft\CryptnetUrlCache\Content\1591D5F7B0682312DEC3539E38F11DA5_D0DCA6AD150FE540039C1E636222D8B4,727
System,Windows Web Cache,File,C:\Windows\system32\config\systemprofile\AppData\LocalLow\Microsoft\CryptnetUrlCache\Content\18E6B4A57A6BC7EC9B861CDF2D6D0D02_C3B142D2C5374581DC2FDFFDEDBDEDDB,765
System,Windows Web Cache,File,C:\Windows\system32\config\systemprofile\AppData\LocalLow\Microsoft\CryptnetUrlCache\Content\18E6B4A57A6BC7EC9B861CDF2D6D0D02_EF52C1EC85F21F31CC0157A5C8803013,765
System,Windows Web Cache,File,C:\Windows\system32\config\systemprofile\AppData\LocalLow\Microsoft\CryptnetUrlCache\Content\1A374813EDB1A6631387E414D3E73232,143223
System,Windows Web Cache,File,C:\Windows\system32\config\systemprofile\AppData\LocalLow\Microsoft\CryptnetUrlCache\Content\1B1401C7EC8E96BC79CBFD92F9DF762D_E35D496D1CD0B884BEBCAFED0FE61600,1548
System,Windows Web Cache,File,C:\Windows\system32\config\systemprofile\AppData\LocalLow\Microsoft\CryptnetUrlCache\Content\206932163209AD483A44477E28192474,9170
System,Windows Web Cache,File,C:\Windows\system32\config\systemprofile\AppData\LocalLow\Microsoft\CryptnetUrlCache\Content\229169D96B9C20761B929D428962A0A2_E724097EF7BBA8B1CB3228AA4D2ED312,1495
System,Windows Web Cache,File,C:\Windows\system32\config\systemprofile\AppData\LocalLow\Microsoft\CryptnetUrlCache\Content\229169D96B9C20761B929D428962A0A2_FC65190A8D1232A1711F16F9F20C5149,1495
System,Windows Web Cache,File,C:\Windows\system32\config\systemprofile\AppData\LocalLow\Microsoft\CryptnetUrlCache\Content\248DDD9FCF61002E219645695E3FFC98_36CE2BD2ACDA90B7847C4B986768AE7D,727
System,Windows Web Cache,File,C:\Windows\system32\config\systemprofile\AppData\LocalLow\Microsoft\CryptnetUrlCache\Content\25E619156D03FE9C805EBD0F3C6DBF43_D82AC734FEB7E864B20AD773CB37077B,727
System,Windows Web Cache,File,C:\Windows\system32\config\systemprofile\AppData\LocalLow\Microsoft\CryptnetUrlCache\Content\28C8ACF91E179C5DE98926E9427D85F6_2DFF1F66A3D41A158A358B914FFDD0DA,471
System,Windows Web Cache,File,C:\Windows\system32\config\systemprofile\AppData\LocalLow\Microsoft\CryptnetUrlCache\Content\2A7611428D62805A3E4E5BC4103D82E4_5DFDB51029B86E246C6BBA4B4F208E9A,471
System,Windows Web Cache,File,C:\Windows\system32\config\systemprofile\AppData\LocalLow\Microsoft\CryptnetUrlCache\Content\2A7611428D62805A3E4E5BC4103D82E4_E21F67AC23F9FBAD2D2155027D507F5D,471
System,Windows Web Cache,File,C:\Windows\system32\config\systemprofile\AppData\LocalLow\Microsoft\CryptnetUrlCache\Content\2F23D0F5E4D72862517E1CB26A329742_59C6B5742244136A08A70F9396A5A57A,5
System,Windows Web Cache,File,C:\Windows\system32\config\systemprofile\AppData\LocalLow\Microsoft\CryptnetUrlCache\Content\30069012ED3CF5DB92F9F4FC78D55E2D_F3E20C88E7D9AC7FFC9B7F8CCE793CAD,1842
System,Windows Web Cache,File,C:\Windows\system32\config\systemprofile\AppData\LocalLow\Microsoft\CryptnetUrlCache\Content\3538626A1FCCCA43C7E18F220BDD9B02,1275
System,Windows Web Cache,File,C:\Windows\system32\config\systemprofile\AppData\LocalLow\Microsoft\CryptnetUrlCache\Content\357F04AD41BCF5FE18FCB69F60C6680F_BAD8BD228B13C9DF66608FD7DB0F0439,1685
System,Windows Web Cache,File,C:\Windows\system32\config\systemprofile\AppData\LocalLow\Microsoft\CryptnetUrlCache\Content\3781B4A3713292956206932165FA4132_55A8BF5A347D14FCDC217EA1B7209FC1,5
System,Windows Web Cache,File,C:\Windows\system32\config\systemprofile\AppData\LocalLow\Microsoft\CryptnetUrlCache\Content\3781B4A3713292956206932165FA4132_CF98B0CA32BF4059E0AD0F2EABE8489B,471
System,Windows Web Cache,File,C:\Windows\system32\config\systemprofile\AppData\LocalLow\Microsoft\CryptnetUrlCache\Content\378B079587A9184B2E2AB859CB263F40_524AD1B9B08D3C6450727265AE77B7D2,5
System,Windows Web Cache,File,C:\Windows\system32\config\systemprofile\AppData\LocalLow\Microsoft\CryptnetUrlCache\Content\38D10539991D1B84467F968981C3969D_3A58CFC115108405B8F1F6C1914449B7,637
System,Windows Web Cache,File,C:\Windows\system32\config\systemprofile\AppData\LocalLow\Microsoft\CryptnetUrlCache\Content\3AA0DCD5A74331FBD6F344550EC48B87_10ECB535DFF69467608D3624AB257DDC,638
System,Windows Web Cache,File,C:\Windows\system32\config\systemprofile\AppData\LocalLow\Microsoft\CryptnetUrlCache\Content\3AA0DCD5A74331FBD6F344550EC48B87_96DF4A6F6B0DC80C8F3A1F665C6770D3,637
System,Windows Web Cache,File,C:\Windows\system32\config\systemprofile\AppData\LocalLow\Microsoft\CryptnetUrlCache\Content\3B6E683A7A45CC59BF035C9BA8C7AB9D,546
System,Windows Web Cache,File,C:\Windows\system32\config\systemprofile\AppData\LocalLow\Microsoft\CryptnetUrlCache\Content\3C987C966D19B79B9D9F35B962FCC8FA,604
System,Windows Web Cache,File,C:\Windows\system32\config\systemprofile\AppData\LocalLow\Microsoft\CryptnetUrlCache\Content\3C9C1A2FF07C032D10909C7B11B4AAAA,1981
System,Windows Web Cache,File,C:\Windows\system32\config\systemprofile\AppData\LocalLow\Microsoft\CryptnetUrlCache\Content\3D0AC26322348780E90E022EA217C58C,16570
System,Windows Web Cache,File,C:\Windows\system32\config\systemprofile\AppData\LocalLow\Microsoft\CryptnetUrlCache\Content\40C68D5626484A90937F0752C8B950AB,834
System,Windows Web Cache,File,C:\Windows\system32\config\systemprofile\AppData\LocalLow\Microsoft\CryptnetUrlCache\Content\439F613B3D55693954E1B080DE3085B4_C4927E03400A4F6EDB9D613E6354F864,1688
System,Windows Web Cache,File,C:\Windows\system32\config\systemprofile\AppData\LocalLow\Microsoft\CryptnetUrlCache\Content\46719718607ED1A8B6FFFFB36947FD2F_0BC58CAD2E10F6253D91E42FBDAA8927,471
System,Windows Web Cache,File,C:\Windows\system32\config\systemprofile\AppData\LocalLow\Microsoft\CryptnetUrlCache\Content\46719718607ED1A8B6FFFFB36947FD2F_76A2843FABB0604DBCEB5B0D937FD755,471
System,Windows Web Cache,File,C:\Windows\system32\config\systemprofile\AppData\LocalLow\Microsoft\CryptnetUrlCache\Content\49855FCDFA62840A2838AEF1EFAC3C9B,9808
System,Windows Web Cache,File,C:\Windows\system32\config\systemprofile\AppData\LocalLow\Microsoft\CryptnetUrlCache\Content\4D8404427A196184A4B981C5CCDA3643,746
System,Windows Web Cache,File,C:\Windows\system32\config\systemprofile\AppData\LocalLow\Microsoft\CryptnetUrlCache\Content\5080DC7A65DB6A5960ECD874088F3328_79CFD3DF2894C4BFDA2ADFD6675FA18B,2232
System,Windows Web Cache,File,C:\Windows\system32\config\systemprofile\AppData\LocalLow\Microsoft\CryptnetUrlCache\Content\5080DC7A65DB6A5960ECD874088F3328_BC00434159DAE8351451CCE9C748F5D7,2232
System,Windows Web Cache,File,C:\Windows\system32\config\systemprofile\AppData\LocalLow\Microsoft\CryptnetUrlCache\Content\5080DC7A65DB6A5960ECD874088F3328_DA0AC6C3213D3F67EDAAEA42522AAD0D,5
System,Windows Web Cache,File,C:\Windows\system32\config\systemprofile\AppData\LocalLow\Microsoft\CryptnetUrlCache\Content\52C5398E159DA26A57E4F04DE0F8FD4D,725
System,Windows Web Cache,File,C:\Windows\system32\config\systemprofile\AppData\LocalLow\Microsoft\CryptnetUrlCache\Content\5457A8CE4B2A7499F8299A013B6E1C7C_CE50F893881D43DC0C815E4D80FAF2B4,5
System,Windows Web Cache,File,C:\Windows\system32\config\systemprofile\AppData\LocalLow\Microsoft\CryptnetUrlCache\Content\572BF21E454637C9F000BE1AF9B1E1A9,1007
System,Windows Web Cache,File,C:\Windows\system32\config\systemprofile\AppData\LocalLow\Microsoft\CryptnetUrlCache\Content\5781E92BE36651A8ED64685F2F3CF507,1755
System,Windows Web Cache,File,C:\Windows\system32\config\systemprofile\AppData\LocalLow\Microsoft\CryptnetUrlCache\Content\57C8EDB95DF3F0AD4EE2DC2B8CFD4157,4987
System,Windows Web Cache,File,C:\Windows\system32\config\systemprofile\AppData\LocalLow\Microsoft\CryptnetUrlCache\Content\5BF987767EE121EB773E3E93D13C2F30_03CD2299090C0BB356909F3191F4A097,1545
System,Windows Web Cache,File,C:\Windows\system32\config\systemprofile\AppData\LocalLow\Microsoft\CryptnetUrlCache\Content\5F26A2159BA21EA573A1C5E3DE2CF211_4A6B0B65ADF516E1B3A0ED47954EE7B9,766
System,Windows Web Cache,File,C:\Windows\system32\config\systemprofile\AppData\LocalLow\Microsoft\CryptnetUrlCache\Content\5F26A2159BA21EA573A1C5E3DE2CF211_7541962669C96CEAB06421EC12621007,766
System,Windows Web Cache,File,C:\Windows\system32\config\systemprofile\AppData\LocalLow\Microsoft\CryptnetUrlCache\Content\5F26A2159BA21EA573A1C5E3DE2CF211_E3375A509D9058F6A8FFB74D3B4E6F77,765
System,Windows Web Cache,File,C:\Windows\system32\config\systemprofile\AppData\LocalLow\Microsoft\CryptnetUrlCache\Content\5F26A2159BA21EA573A1C5E3DE2CF211_FB447FB420254EFA96E13F748F831E83,765
System,Windows Web Cache,File,C:\Windows\system32\config\systemprofile\AppData\LocalLow\Microsoft\CryptnetUrlCache\Content\616AD1AB067CFD351D6C0EF6F3E12F40,1077
System,Windows Web Cache,File,C:\Windows\system32\config\systemprofile\AppData\LocalLow\Microsoft\CryptnetUrlCache\Content\630AE2A884AC3F3B1C00FFFD4230AF21,1765
System,Windows Web Cache,File,C:\Windows\system32\config\systemprofile\AppData\LocalLow\Microsoft\CryptnetUrlCache\Content\6504E15D67FC3751C7F8FF13E320BD5E,622
System,Windows Web Cache,File,C:\Windows\system32\config\systemprofile\AppData\LocalLow\Microsoft\CryptnetUrlCache\Content\655B2ABBC057D891B8675F78CE059F06_07102C63DFE7C937B08DA24970634C82,471
System,Windows Web Cache,File,C:\Windows\system32\config\systemprofile\AppData\LocalLow\Microsoft\CryptnetUrlCache\Content\655B2ABBC057D891B8675F78CE059F06_6485EAA8A7B1BAA09CDE43740721AF07,471
System,Windows Web Cache,File,C:\Windows\system32\config\systemprofile\AppData\LocalLow\Microsoft\CryptnetUrlCache\Content\655B2ABBC057D891B8675F78CE059F06_BCD408F9060C469C993A591EAE875B29,471
System,Windows Web Cache,File,C:\Windows\system32\config\systemprofile\AppData\LocalLow\Microsoft\CryptnetUrlCache\Content\655B2ABBC057D891B8675F78CE059F06_FA2CA829EE3E1FB6D9F3846F663E23C1,471
System,Windows Web Cache,File,C:\Windows\system32\config\systemprofile\AppData\LocalLow\Microsoft\CryptnetUrlCache\Content\68441BE171A68BD1E29D6FEF2E6D3CAD,730
System,Windows Web Cache,File,C:\Windows\system32\config\systemprofile\AppData\LocalLow\Microsoft\CryptnetUrlCache\Content\68FAF71AF355126BCA00CE2E73CC7374_E5F521CA60C5ED8C2B4E2BF399FE2061,1559
System,Windows Web Cache,File,C:\Windows\system32\config\systemprofile\AppData\LocalLow\Microsoft\CryptnetUrlCache\Content\698460A0B6E60F2F602361424D832905_7AA1872B10F7F2428A1288E96F0B99FA,471
System,Windows Web Cache,File,C:\Windows\system32\config\systemprofile\AppData\LocalLow\Microsoft\CryptnetUrlCache\Content\698460A0B6E60F2F602361424D832905_8BB23D43DE574E82F2BEE0DF0EC47EEB,471
System,Windows Web Cache,File,C:\Windows\system32\config\systemprofile\AppData\LocalLow\Microsoft\CryptnetUrlCache\Content\6CFEA0E89A60F49C87661D7F2BDD3AD0,473
System,Windows Web Cache,File,C:\Windows\system32\config\systemprofile\AppData\LocalLow\Microsoft\CryptnetUrlCache\Content\6DB145CFEEC544B1582FED1ADA3370DD,779
System,Windows Web Cache,File,C:\Windows\system32\config\systemprofile\AppData\LocalLow\Microsoft\CryptnetUrlCache\Content\6E47DC54834F661FE77B461D2DF73D9D,133033
System,Windows Web Cache,File,C:\Windows\system32\config\systemprofile\AppData\LocalLow\Microsoft\CryptnetUrlCache\Content\7423F88C7F265F0DEFC08EA88C3BDE45_AA1E8580D4EBC816148CE81268683776,471
System,Windows Web Cache,File,C:\Windows\system32\config\systemprofile\AppData\LocalLow\Microsoft\CryptnetUrlCache\Content\77003E887FC21E505B9E28CBA30E18ED_8ACE642DC0A43382FABA7AE806561A50,2662
System,Windows Web Cache,File,C:\Windows\system32\config\systemprofile\AppData\LocalLow\Microsoft\CryptnetUrlCache\Content\77EC63BDA74BD0D0E0426DC8F8008506,918
System,Windows Web Cache,File,C:\Windows\system32\config\systemprofile\AppData\LocalLow\Microsoft\CryptnetUrlCache\Content\7850C7BAFAC9456B4B92328A61976502_D0B78FAD5B1A9426C54092D311AFB2D1,2067
System,Windows Web Cache,File,C:\Windows\system32\config\systemprofile\AppData\LocalLow\Microsoft\CryptnetUrlCache\Content\7872B20D8C4438D3BD1410925AAD4FD6,9569
System,Windows Web Cache,File,C:\Windows\system32\config\systemprofile\AppData\LocalLow\Microsoft\CryptnetUrlCache\Content\79841F8EF00FBA86D33CC5A47696F165,413
System,Windows Web Cache,File,C:\Windows\system32\config\systemprofile\AppData\LocalLow\Microsoft\CryptnetUrlCache\Content\7D11549FC90445E1CE90F96A21958A17_1E2E8C14D1B2DD8C6C2EEF10E9A88195,510
System,Windows Web Cache,File,C:\Windows\system32\config\systemprofile\AppData\LocalLow\Microsoft\CryptnetUrlCache\Content\7D11549FC90445E1CE90F96A21958A17_516138F4AAC306498705F5834F0D4D54,509
System,Windows Web Cache,File,C:\Windows\system32\config\systemprofile\AppData\LocalLow\Microsoft\CryptnetUrlCache\Content\7D266D9E1E69FA1EEFB9699B009B34C8_0A9BFDD75B598C2110CBF610C078E6E6,5
System,Windows Web Cache,File,C:\Windows\system32\config\systemprofile\AppData\LocalLow\Microsoft\CryptnetUrlCache\Content\856FDBDDFEAC90A3D62D621EBF196637,610
System,Windows Web Cache,File,C:\Windows\system32\config\systemprofile\AppData\LocalLow\Microsoft\CryptnetUrlCache\Content\86844F70250DD8EF225D6B4178798C21_1FB605FD2412C4F94AD934D8134A28AC,2609
System,Windows Web Cache,File,C:\Windows\system32\config\systemprofile\AppData\LocalLow\Microsoft\CryptnetUrlCache\Content\86844F70250DD8EF225D6B4178798C21_2CDE88B3CC9A35A2EA16DC0201366139,2609
System,Windows Web Cache,File,C:\Windows\system32\config\systemprofile\AppData\LocalLow\Microsoft\CryptnetUrlCache\Content\86844F70250DD8EF225D6B4178798C21_44AD5D0C299F1D4EE038B125B5E5863A,2609
System,Windows Web Cache,File,C:\Windows\system32\config\systemprofile\AppData\LocalLow\Microsoft\CryptnetUrlCache\Content\86844F70250DD8EF225D6B4178798C21_ACC1A26A3F5A815A00C8D5589432921F,2609
System,Windows Web Cache,File,C:\Windows\system32\config\systemprofile\AppData\LocalLow\Microsoft\CryptnetUrlCache\Content\8757A0F68C921927F887F6D56B2C1640_711B0FFDF677284507E7F65614F211FA,727
System,Windows Web Cache,File,C:\Windows\system32\config\systemprofile\AppData\LocalLow\Microsoft\CryptnetUrlCache\Content\8828F39C7C0CE9A14B25C7EB321181BA_3DF94EB797096674F7793A562A778C5F,5
System,Windows Web Cache,File,C:\Windows\system32\config\systemprofile\AppData\LocalLow\Microsoft\CryptnetUrlCache\Content\8A9510437CB4EEB09F4B3AC2BC980E19,2023
System,Windows Web Cache,File,C:\Windows\system32\config\systemprofile\AppData\LocalLow\Microsoft\CryptnetUrlCache\Content\8BD11C4A2318EC8E5A82462092971DEA,477
System,Windows Web Cache,File,C:\Windows\system32\config\systemprofile\AppData\LocalLow\Microsoft\CryptnetUrlCache\Content\8DFDF057024880D7A081AFBF6D26B92F,834
System,Windows Web Cache,File,C:\Windows\system32\config\systemprofile\AppData\LocalLow\Microsoft\CryptnetUrlCache\Content\8EA5A12DFB61A04911CAB3605AD9FAD9_F3FB8768F94DA47D7D016A63A2340CA9,1548
System,Windows Web Cache,File,C:\Windows\system32\config\systemprofile\AppData\LocalLow\Microsoft\CryptnetUrlCache\Content\8EB35376744F392396307460D546222D_76305FF229A49FC97C9ABEA1A31BA7A9,5
System,Windows Web Cache,File,C:\Windows\system32\config\systemprofile\AppData\LocalLow\Microsoft\CryptnetUrlCache\Content\94D451DDCFFF94F1A6B8406468FA3558_4153D76C26F33196FBC8A8AE835AB7C4,1578
System,Windows Web Cache,File,C:\Windows\system32\config\systemprofile\AppData\LocalLow\Microsoft\CryptnetUrlCache\Content\94D451DDCFFF94F1A6B8406468FA3558_E4A7C6A10F816F002B00DE3B58B7E44E,1579
System,Windows Web Cache,File,C:\Windows\system32\config\systemprofile\AppData\LocalLow\Microsoft\CryptnetUrlCache\Content\94D97B1EC1F43DD6ED4FE7AB95E144BC_5876A5CFC030F791A83879D40A9D4637,2067
System,Windows Web Cache,File,C:\Windows\system32\config\systemprofile\AppData\LocalLow\Microsoft\CryptnetUrlCache\Content\94D97B1EC1F43DD6ED4FE7AB95E144BC_6CAFA73080DB330D28C30E8B8A4DBF27,2067
System,Windows Web Cache,File,C:\Windows\system32\config\systemprofile\AppData\LocalLow\Microsoft\CryptnetUrlCache\Content\94D97B1EC1F43DD6ED4FE7AB95E144BC_9E5DF734261AB40430B19287CD5D1466,2067
System,Windows Web Cache,File,C:\Windows\system32\config\systemprofile\AppData\LocalLow\Microsoft\CryptnetUrlCache\Content\95A7979A07314DCE9A6C0B392A677717,827
System,Windows Web Cache,File,C:\Windows\system32\config\systemprofile\AppData\LocalLow\Microsoft\CryptnetUrlCache\Content\971E98FB192CF25D1FBA2923458B97CB,1887
System,Windows Web Cache,File,C:\Windows\system32\config\systemprofile\AppData\LocalLow\Microsoft\CryptnetUrlCache\Content\991F383F0AD298067B7400BAFF5D2AF4_786969D2DCA6272C3AE53C5D08A7BAC3,5
System,Windows Web Cache,File,C:\Windows\system32\config\systemprofile\AppData\LocalLow\Microsoft\CryptnetUrlCache\Content\991F383F0AD298067B7400BAFF5D2AF4_957067FA41CCE10314261A0D7F45AFD4,5
System,Windows Web Cache,File,C:\Windows\system32\config\systemprofile\AppData\LocalLow\Microsoft\CryptnetUrlCache\Content\991F383F0AD298067B7400BAFF5D2AF4_ACCFEB6931A82E5E68C9C64B3D3C686F,5
System,Windows Web Cache,File,C:\Windows\system32\config\systemprofile\AppData\LocalLow\Microsoft\CryptnetUrlCache\Content\991F383F0AD298067B7400BAFF5D2AF4_AE7BEFAFE778332B6729A9FA64E7C921,5
System,Windows Web Cache,File,C:\Windows\system32\config\systemprofile\AppData\LocalLow\Microsoft\CryptnetUrlCache\Content\991F383F0AD298067B7400BAFF5D2AF4_B72E7AE757A1939AF12AC80D13AA164A,5
System,Windows Web Cache,File,C:\Windows\system32\config\systemprofile\AppData\LocalLow\Microsoft\CryptnetUrlCache\Content\991F383F0AD298067B7400BAFF5D2AF4_E5E2ACF8D8108BA9724CAB411D4E3D60,5
System,Windows Web Cache,File,C:\Windows\system32\config\systemprofile\AppData\LocalLow\Microsoft\CryptnetUrlCache\Content\991F383F0AD298067B7400BAFF5D2AF4_E811ED87FE09C0C41E4F5C81B8CB5CD8,5
System,Windows Web Cache,File,C:\Windows\system32\config\systemprofile\AppData\LocalLow\Microsoft\CryptnetUrlCache\Content\991F383F0AD298067B7400BAFF5D2AF4_F19EF6FF9B548130480CDB468327196F,5
System,Windows Web Cache,File,C:\Windows\system32\config\systemprofile\AppData\LocalLow\Microsoft\CryptnetUrlCache\Content\9A19ADAD9D098E039450ABBEDD5616EB_2B110E9BF3E4F6F33711EA90D07224A3,5
System,Windows Web Cache,File,C:\Windows\system32\config\systemprofile\AppData\LocalLow\Microsoft\CryptnetUrlCache\Content\9A19ADAD9D098E039450ABBEDD5616EB_B9F0D245B583E8691D465149385B785D,5
System,Windows Web Cache,File,C:\Windows\system32\config\systemprofile\AppData\LocalLow\Microsoft\CryptnetUrlCache\Content\9BF37F0420C284443FE1ABC059F872DD,24062
System,Windows Web Cache,File,C:\Windows\system32\config\systemprofile\AppData\LocalLow\Microsoft\CryptnetUrlCache\Content\9CB4373A4252DE8D2212929836304EC5_1AB74AA2E3A56E1B8AD8D3FEC287554E,1712
System,Windows Web Cache,File,C:\Windows\system32\config\systemprofile\AppData\LocalLow\Microsoft\CryptnetUrlCache\Content\9E5AF9A59B2A0198F537F5F6F7EBA776_57ABCF7C80DDF20409A123C0B25EDA1D,765
System,Windows Web Cache,File,C:\Windows\system32\config\systemprofile\AppData\LocalLow\Microsoft\CryptnetUrlCache\Content\9EC3B71635F8BA3FC68DE181A104A0EF_10CFC0D4C45D2E76B7EA49C8C22BEDFE,5
System,Windows Web Cache,File,C:\Windows\system32\config\systemprofile\AppData\LocalLow\Microsoft\CryptnetUrlCache\Content\A1D081444CB78738D27006805ADF7CF6,14512
System,Windows Web Cache,File,C:\Windows\system32\config\systemprofile\AppData\LocalLow\Microsoft\CryptnetUrlCache\Content\A334956C3F99BD182BF4859935BADE72_925A0286269529E9A1D884A0357A3E3B,638
System,Windows Web Cache,File,C:\Windows\system32\config\systemprofile\AppData\LocalLow\Microsoft\CryptnetUrlCache\Content\A334956C3F99BD182BF4859935BADE72_FACA7E02B2152427A5B3C5BC1AC9CE92,637
System,Windows Web Cache,File,C:\Windows\system32\config\systemprofile\AppData\LocalLow\Microsoft\CryptnetUrlCache\Content\A3D5BF1283C2E63D8C8A8C72F0051F5A,834
System,Windows Web Cache,File,C:\Windows\system32\config\systemprofile\AppData\LocalLow\Microsoft\CryptnetUrlCache\Content\A422AF1746E309CBF0BF6DA9ABA7602B,410884
System,Windows Web Cache,File,C:\Windows\system32\config\systemprofile\AppData\LocalLow\Microsoft\CryptnetUrlCache\Content\A6D8662C7600817D67B3C1A03BC53A1B,905
System,Windows Web Cache,File,C:\Windows\system32\config\systemprofile\AppData\LocalLow\Microsoft\CryptnetUrlCache\Content\A76F24BEACC5A31C76BB70908923C3E0,8920
System,Windows Web Cache,File,C:\Windows\system32\config\systemprofile\AppData\LocalLow\Microsoft\CryptnetUrlCache\Content\A89DFCC31C360BA5CBD616749B1B1C5D,42269
System,Windows Web Cache,File,C:\Windows\system32\config\systemprofile\AppData\LocalLow\Microsoft\CryptnetUrlCache\Content\A90AB99B5CC057007BC33B2303FE2710,28614
System,Windows Web Cache,File,C:\Windows\system32\config\systemprofile\AppData\LocalLow\Microsoft\CryptnetUrlCache\Content\A9B13BCD41ACB49316A37129BE941FFA_4F3F7BA6A5533E9785AD5B95B8F96F3D,785
System,Windows Web Cache,File,C:\Windows\system32\config\systemprofile\AppData\LocalLow\Microsoft\CryptnetUrlCache\Content\A9B13BCD41ACB49316A37129BE941FFA_AE784DC67D2920BCC1BCEDEAF52B2491,786
System,Windows Web Cache,File,C:\Windows\system32\config\systemprofile\AppData\LocalLow\Microsoft\CryptnetUrlCache\Content\AEACCDA8653DD8D7B2EA32F21D15D44F_05D81B53AC323447B65F0BEF58315ECA,637
System,Windows Web Cache,File,C:\Windows\system32\config\systemprofile\AppData\LocalLow\Microsoft\CryptnetUrlCache\Content\AEACCDA8653DD8D7B2EA32F21D15D44F_06C93241B0E63B9DC7503E92E68915C5,637
System,Windows Web Cache,File,C:\Windows\system32\config\systemprofile\AppData\LocalLow\Microsoft\CryptnetUrlCache\Content\AEACCDA8653DD8D7B2EA32F21D15D44F_1261262D142EAF0DFABF85DAE7901344,637
System,Windows Web Cache,File,C:\Windows\system32\config\systemprofile\AppData\LocalLow\Microsoft\CryptnetUrlCache\Content\AEACCDA8653DD8D7B2EA32F21D15D44F_13B5F1D4EDD751A562845DE3E9EAD8AB,637
System,Windows Web Cache,File,C:\Windows\system32\config\systemprofile\AppData\LocalLow\Microsoft\CryptnetUrlCache\Content\AEACCDA8653DD8D7B2EA32F21D15D44F_57394BB6670A518A05E6A196815734E0,638
System,Windows Web Cache,File,C:\Windows\system32\config\systemprofile\AppData\LocalLow\Microsoft\CryptnetUrlCache\Content\AEACCDA8653DD8D7B2EA32F21D15D44F_FCF9C3407403AB283AAC731AFFFF097C,638
System,Windows Web Cache,File,C:\Windows\system32\config\systemprofile\AppData\LocalLow\Microsoft\CryptnetUrlCache\Content\AF360AACB1570042DEFBC833317997D0_09FFB83F6955BBB6D0290CA2EEF01C09,806
System,Windows Web Cache,File,C:\Windows\system32\config\systemprofile\AppData\LocalLow\Microsoft\CryptnetUrlCache\Content\B2FAF7692FD9FFBD64EDE317E42334BA_93702E680A5530C052C8D2BA33A2225F,1453
System,Windows Web Cache,File,C:\Windows\system32\config\systemprofile\AppData\LocalLow\Microsoft\CryptnetUrlCache\Content\B2FAF7692FD9FFBD64EDE317E42334BA_D7393C8F62BDE4D4CB606228BC7A711E,1453
System,Windows Web Cache,File,C:\Windows\system32\config\systemprofile\AppData\LocalLow\Microsoft\CryptnetUrlCache\Content\B59C386ACF967256F47CEB4C030EC6CA_0AFE72CC82FEC870B3FAD8B020D2256C,1569
System,Windows Web Cache,File,C:\Windows\system32\config\systemprofile\AppData\LocalLow\Microsoft\CryptnetUrlCache\Content\BA74182F76F15A9CF514DEF352303C95,737
System,Windows Web Cache,File,C:\Windows\system32\config\systemprofile\AppData\LocalLow\Microsoft\CryptnetUrlCache\Content\BAEBE581FCB73249406FC21094EA252E_BC0CE803EF41A748738619ED7838EEFC,5
System,Windows Web Cache,File,C:\Windows\system32\config\systemprofile\AppData\LocalLow\Microsoft\CryptnetUrlCache\Content\BB06C0093717B8F556D7ECBB4720787E,89996
System,Windows Web Cache,File,C:\Windows\system32\config\systemprofile\AppData\LocalLow\Microsoft\CryptnetUrlCache\Content\BD96F9183ADE69B6DF458457F594566C_7512FB465A16A029DDEB881A3247FF86,2067
System,Windows Web Cache,File,C:\Windows\system32\config\systemprofile\AppData\LocalLow\Microsoft\CryptnetUrlCache\Content\BD96F9183ADE69B6DF458457F594566C_FD8F032EDA76165E8770C490C9C31E60,2067
System,Windows Web Cache,File,C:\Windows\system32\config\systemprofile\AppData\LocalLow\Microsoft\CryptnetUrlCache\Content\C3E814D1CB223AFCD58214D14C3B7EAB,361
System,Windows Web Cache,File,C:\Windows\system32\config\systemprofile\AppData\LocalLow\Microsoft\CryptnetUrlCache\Content\C56C4404C4DEF0DC88E5FCD9F09CB2F1,1716
System,Windows Web Cache,File,C:\Windows\system32\config\systemprofile\AppData\LocalLow\Microsoft\CryptnetUrlCache\Content\C8E2214E9FA148D96032C085E0F24C1C_D628455E9CDB628FF1D0F38F29C647DE,5
System,Windows Web Cache,File,C:\Windows\system32\config\systemprofile\AppData\LocalLow\Microsoft\CryptnetUrlCache\Content\C8E534EE129F27D55460CE17FD628216_64A201640BD8E31E72E33FB1EBF9962D,727
System,Windows Web Cache,File,C:\Windows\system32\config\systemprofile\AppData\LocalLow\Microsoft\CryptnetUrlCache\Content\C8E7EC0C85688F4738F3BE49B104BA67,1739
System,Windows Web Cache,File,C:\Windows\system32\config\systemprofile\AppData\LocalLow\Microsoft\CryptnetUrlCache\Content\CB16DD75F7623D9073BA078182A01CDD_09703D14946942165663D44F91DEFE18,2261
System,Windows Web Cache,File,C:\Windows\system32\config\systemprofile\AppData\LocalLow\Microsoft\CryptnetUrlCache\Content\CC42971B7939A9CA55C44CFC893D7C1D,976
System,Windows Web Cache,File,C:\Windows\system32\config\systemprofile\AppData\LocalLow\Microsoft\CryptnetUrlCache\Content\D11D344B113EDD68CC93935CE9B7748B,790
System,Windows Web Cache,File,C:\Windows\system32\config\systemprofile\AppData\LocalLow\Microsoft\CryptnetUrlCache\Content\D2B5168CDD0EBF4C0C8EA1C3A1FAE07F_0BD4B52BAFE37F9D63C6BB55E42BD389,509
System,Windows Web Cache,File,C:\Windows\system32\config\systemprofile\AppData\LocalLow\Microsoft\CryptnetUrlCache\Content\D7833C286363AD25C70511661A83D581_010395C7B556E25DA6DC5C45B5DFC7AA,510
System,Windows Web Cache,File,C:\Windows\system32\config\systemprofile\AppData\LocalLow\Microsoft\CryptnetUrlCache\Content\D7833C286363AD25C70511661A83D581_11E234DC39964BB2D2F93557C4C2BA9D,510
System,Windows Web Cache,File,C:\Windows\system32\config\systemprofile\AppData\LocalLow\Microsoft\CryptnetUrlCache\Content\D7833C286363AD25C70511661A83D581_25E174F5AAE4A14F0B1F7C181A35BBDD,509
System,Windows Web Cache,File,C:\Windows\system32\config\systemprofile\AppData\LocalLow\Microsoft\CryptnetUrlCache\Content\D7833C286363AD25C70511661A83D581_581E8676303FE40301898F4340CC1FDE,509
System,Windows Web Cache,File,C:\Windows\system32\config\systemprofile\AppData\LocalLow\Microsoft\CryptnetUrlCache\Content\D7833C286363AD25C70511661A83D581_844BD50C7BB6F89443F1BDC3AD143C51,509
System,Windows Web Cache,File,C:\Windows\system32\config\systemprofile\AppData\LocalLow\Microsoft\CryptnetUrlCache\Content\D7833C286363AD25C70511661A83D581_8F1DEF15D9C492BED24B0068F62BCE39,509
System,Windows Web Cache,File,C:\Windows\system32\config\systemprofile\AppData\LocalLow\Microsoft\CryptnetUrlCache\Content\D7833C286363AD25C70511661A83D581_EEA8C00C159B4268AA1C42B45BFD8CF5,510
System,Windows Web Cache,File,C:\Windows\system32\config\systemprofile\AppData\LocalLow\Microsoft\CryptnetUrlCache\Content\D7C5C79D5EA2EAA218D5C63883951605,1218
System,Windows Web Cache,File,C:\Windows\system32\config\systemprofile\AppData\LocalLow\Microsoft\CryptnetUrlCache\Content\D84E548583BE1EE7DB5A935821009D26_1070D8A1DE1737B040B2F83EA6FA69E1,5
System,Windows Web Cache,File,C:\Windows\system32\config\systemprofile\AppData\LocalLow\Microsoft\CryptnetUrlCache\Content\D84E548583BE1EE7DB5A935821009D26_5B98B6CD6E69202676965CF5B0E2A7A7,5
System,Windows Web Cache,File,C:\Windows\system32\config\systemprofile\AppData\LocalLow\Microsoft\CryptnetUrlCache\Content\D9D1B23D8271BCBFB5C2E6E3DB3E5DE6,1375
System,Windows Web Cache,File,C:\Windows\system32\config\systemprofile\AppData\LocalLow\Microsoft\CryptnetUrlCache\Content\DA3B6E45325D5FFF28CF6BAD6065C907_0C6EE2A6537EE6F1FBF1756A307CE7CA,471
System,Windows Web Cache,File,C:\Windows\system32\config\systemprofile\AppData\LocalLow\Microsoft\CryptnetUrlCache\Content\DA3B6E45325D5FFF28CF6BAD6065C907_94FAF4007D97DD988E34ECDCFF463840,471
System,Windows Web Cache,File,C:\Windows\system32\config\systemprofile\AppData\LocalLow\Microsoft\CryptnetUrlCache\Content\DA3B6E45325D5FFF28CF6BAD6065C907_FA234383376BC394CB9295300933C29D,471
System,Windows Web Cache,File,C:\Windows\system32\config\systemprofile\AppData\LocalLow\Microsoft\CryptnetUrlCache\Content\DE0101390D8E4B74E3DD39ACA5B00000_2AE6897EBC3DDF58FEA86C7091FB3350,471
System,Windows Web Cache,File,C:\Windows\system32\config\systemprofile\AppData\LocalLow\Microsoft\CryptnetUrlCache\Content\DE0101390D8E4B74E3DD39ACA5B00000_4A42F055DB2BD74A8DFD7CDEB7ECB013,471
System,Windows Web Cache,File,C:\Windows\system32\config\systemprofile\AppData\LocalLow\Microsoft\CryptnetUrlCache\Content\DE0101390D8E4B74E3DD39ACA5B00000_613470AE6F9E391DC75E1A4F4B514135,471
System,Windows Web Cache,File,C:\Windows\system32\config\systemprofile\AppData\LocalLow\Microsoft\CryptnetUrlCache\Content\DE0101390D8E4B74E3DD39ACA5B00000_FF1AFF227868F2661832425CECEE2618,471
System,Windows Web Cache,File,C:\Windows\system32\config\systemprofile\AppData\LocalLow\Microsoft\CryptnetUrlCache\Content\E1C0F8E942A6D5F73B8170711A292354,12187
System,Windows Web Cache,File,C:\Windows\system32\config\systemprofile\AppData\LocalLow\Microsoft\CryptnetUrlCache\Content\E2C6CBAF0AF08CF203BA74BF0D0AB6D5_6372E0472AFF76BB926C97818BC773B9,471
System,Windows Web Cache,File,C:\Windows\system32\config\systemprofile\AppData\LocalLow\Microsoft\CryptnetUrlCache\Content\EA618097E393409AFA316F0F87E2C202_D620C07D0DD01583926B76876728A36D,5
System,Windows Web Cache,File,C:\Windows\system32\config\systemprofile\AppData\LocalLow\Microsoft\CryptnetUrlCache\Content\EA618097E393409AFA316F0F87E2C202_DD6F71B844CB65361FAB602C4C0DB2FF,5
System,Windows Web Cache,File,C:\Windows\system32\config\systemprofile\AppData\LocalLow\Microsoft\CryptnetUrlCache\Content\ECF3006D44DA211141391220EE5049F4,94582
System,Windows Web Cache,File,C:\Windows\system32\config\systemprofile\AppData\LocalLow\Microsoft\CryptnetUrlCache\Content\F234AF16A662E2448E049CAD14C6D675,482
System,Windows Web Cache,File,C:\Windows\system32\config\systemprofile\AppData\LocalLow\Microsoft\CryptnetUrlCache\Content\F4EA555947766F67C3BB52DEDFD509C5,59070
System,Windows Web Cache,File,C:\Windows\system32\config\systemprofile\AppData\LocalLow\Microsoft\CryptnetUrlCache\Content\FA0E447C3E79584EC91182C66BBD2DB7,784
System,Windows Web Cache,File,C:\Windows\system32\config\systemprofile\AppData\LocalLow\Microsoft\CryptnetUrlCache\Content\FB0D848F74F70BB2EAA93746D24D9749,7796
System,Windows Web Cache,File,C:\Windows\system32\config\systemprofile\AppData\LocalLow\Microsoft\CryptnetUrlCache\Content\FC68FB72D4FBC7E0F151BC2282D75E47_367FA2447481C3DB640CE44BE2E5A181,471
System,Windows Web Cache,File,C:\Windows\system32\config\systemprofile\AppData\LocalLow\Microsoft\CryptnetUrlCache\Content\FC68FB72D4FBC7E0F151BC2282D75E47_EFF751FA53ED9A4EB1696054082E006F,471
System,Windows Web Cache,File,C:\Windows\system32\config\systemprofile\AppData\LocalLow\Microsoft\CryptnetUrlCache\Content\FC68FB72D4FBC7E0F151BC2282D75E47_F73B6DB25D4C7355D7EFBAA2A3C23638,471
System,Windows Web Cache,File,C:\Windows\system32\config\systemprofile\AppData\LocalLow\Microsoft\CryptnetUrlCache\Content\FE70EB9EF1676B9A470CBE90336E8C47,502
